num_cores,n_tasks,target_utilization,scheduling_type,scheduling_policy,allocation_policy,avg_response_time_cf,avg_response_time_milp,schedulability_ratio_cf,schedulability_ratio_milp,total_utilization,analysis_overhead
4,10,0.25,Global,FIFO,,170.26473537293276,16.76022354174132,1.0,1.0,0.25,0.004345893859863281
4,10,0.25,Partitioned,FIFO,First-Fit Decreasing,80.2165487893207,17.58365966637316,1.0,1.0,0.24999999999999994,0.0037031173706054688
4,10,0.25,Partitioned,FIFO,Best-Fit Decreasing,80.2165487893207,17.58365966637316,1.0,1.0,0.24999999999999994,0.0035941600799560547
4,10,0.25,Partitioned,FIFO,Worst-Fit Decreasing,76.59089751690429,17.58365966637316,1.0,1.0,0.24999999999999994,0.003696918487548828
4,10,0.25,Partitioned,FIFO,Round-Robin,73.46519302190423,17.58365966637316,1.0,1.0,0.24999999999999994,0.0037801265716552734
4,10,0.25,Global,HEFT,,143.36840145848268,14.754757980281587,0.8,1.0,0.25,0.003995180130004883
4,10,0.25,Partitioned,HEFT,First-Fit Decreasing,87.73855781668911,15.736424450181662,1.0,1.0,0.24999999999999997,0.004068613052368164
4,10,0.25,Partitioned,HEFT,Best-Fit Decreasing,87.73855781668911,15.736424450181662,1.0,1.0,0.24999999999999997,0.004090309143066406
4,10,0.25,Partitioned,HEFT,Worst-Fit Decreasing,84.2269751557815,15.736424450181662,1.0,1.0,0.24999999999999997,0.004008769989013672
4,10,0.25,Partitioned,HEFT,Round-Robin,85.42625606470833,15.736424450181662,1.0,1.0,0.24999999999999997,0.004042148590087891
4,10,0.25,Global,LDF,,168.28048806756973,20.594563180329324,1.0,1.0,0.24999999999999997,0.0036399364471435547
4,10,0.25,Partitioned,LDF,First-Fit Decreasing,77.06335952921727,22.79877135731609,1.0,1.0,0.25,0.004225492477416992
4,10,0.25,Partitioned,LDF,Best-Fit Decreasing,77.06335952921727,22.79877135731609,1.0,1.0,0.25,0.004225015640258789
4,10,0.25,Partitioned,LDF,Worst-Fit Decreasing,74.43163892953044,22.79877135731609,1.0,1.0,0.25,0.004155874252319336
4,10,0.25,Partitioned,LDF,Round-Robin,73.94343947475286,22.79877135731609,1.0,1.0,0.25,0.004086494445800781
4,10,0.5,Global,FIFO,,402.96185858711385,44.65630185139598,0.7,1.0,0.49999999999999983,0.004120826721191406
4,10,0.5,Partitioned,FIFO,First-Fit Decreasing,136.65580693996662,27.238142707336685,0.8,1.0,0.5,0.0036966800689697266
4,10,0.5,Partitioned,FIFO,Best-Fit Decreasing,136.65580693996662,27.238142707336685,0.8,1.0,0.5,0.003723621368408203
4,10,0.5,Partitioned,FIFO,Worst-Fit Decreasing,136.58909554839292,27.238142707336685,0.8,1.0,0.5,0.003603219985961914
4,10,0.5,Partitioned,FIFO,Round-Robin,136.58909554839292,27.238142707336685,0.8,1.0,0.5,0.003846406936645508
4,10,0.5,Global,HEFT,,365.36960914696976,41.41754843714668,0.7,1.0,0.5000000000000001,0.004030704498291016
4,10,0.5,Partitioned,HEFT,First-Fit Decreasing,141.95152759695708,25.604424321313598,0.7,1.0,0.5000000000000001,0.004021644592285156
4,10,0.5,Partitioned,HEFT,Best-Fit Decreasing,141.95152759695708,25.604424321313598,0.7,1.0,0.5000000000000001,0.004080057144165039
4,10,0.5,Partitioned,HEFT,Worst-Fit Decreasing,144.59312222592695,25.604424321313598,0.7,1.0,0.5000000000000001,0.004132747650146484
4,10,0.5,Partitioned,HEFT,Round-Robin,144.59312222592695,25.604424321313598,0.7,1.0,0.5000000000000001,0.004105806350708008
4,10,0.5,Global,LDF,,134.4495664217176,16.661799628771064,1.0,1.0,0.5,0.004065036773681641
4,10,0.5,Partitioned,LDF,First-Fit Decreasing,133.09377947988727,36.889176769911316,1.0,1.0,0.49999999999999994,0.0045011043548583984
4,10,0.5,Partitioned,LDF,Best-Fit Decreasing,133.09377947988727,36.889176769911316,1.0,1.0,0.49999999999999994,0.0045413970947265625
4,10,0.5,Partitioned,LDF,Worst-Fit Decreasing,129.61317105844108,36.889176769911316,1.0,1.0,0.49999999999999994,0.004515409469604492
4,10,0.5,Partitioned,LDF,Round-Robin,129.656262492697,36.889176769911316,1.0,1.0,0.49999999999999994,0.0044879913330078125
4,10,0.75,Global,FIFO,,543.8529975379017,53.90128246324633,0.5,1.0,0.7500000000000002,0.004020214080810547
4,10,0.75,Partitioned,FIFO,First-Fit Decreasing,222.9624272189294,44.30463467860487,0.9,1.0,0.75,0.0032050609588623047
4,10,0.75,Partitioned,FIFO,Best-Fit Decreasing,222.9624272189294,44.30463467860487,0.9,1.0,0.75,0.003238677978515625
4,10,0.75,Partitioned,FIFO,Worst-Fit Decreasing,211.67058390119996,44.30463467860487,0.9,1.0,0.75,0.003175497055053711
4,10,0.75,Partitioned,FIFO,Round-Robin,209.5428958546072,44.30463467860487,0.9,1.0,0.75,0.0031828880310058594
4,10,0.75,Global,HEFT,,476.676197503791,46.66097577193713,0.5,1.0,0.7499999999999999,0.0040209293365478516
4,10,0.75,Partitioned,HEFT,First-Fit Decreasing,234.91859300163787,52.40590272716646,0.8,1.0,0.7499999999999999,0.004584550857543945
4,10,0.75,Partitioned,HEFT,Best-Fit Decreasing,234.91859300163787,52.40590272716646,0.8,1.0,0.7499999999999999,0.004463672637939453
4,10,0.75,Partitioned,HEFT,Worst-Fit Decreasing,226.6921702602543,52.40590272716646,0.8,1.0,0.7499999999999999,0.004522800445556641
4,10,0.75,Partitioned,HEFT,Round-Robin,224.39494695019184,52.40590272716646,0.8,1.0,0.7499999999999999,0.0045206546783447266
4,10,0.75,Global,LDF,,593.9197457164856,72.58941218349199,0.8,1.0,0.7499999999999999,0.004099369049072266
4,10,0.75,Partitioned,LDF,First-Fit Decreasing,215.72092398200766,69.67765739272272,1.0,1.0,0.7500000000000001,0.003690481185913086
4,10,0.75,Partitioned,LDF,Best-Fit Decreasing,215.72092398200766,69.67765739272272,1.0,1.0,0.7500000000000001,0.0036711692810058594
4,10,0.75,Partitioned,LDF,Worst-Fit Decreasing,207.4113128335595,69.67765739272272,1.0,1.0,0.7500000000000001,0.003729581832885742
4,10,0.75,Partitioned,LDF,Round-Robin,207.22283960329383,69.67765739272272,1.0,1.0,0.7500000000000001,0.003635883331298828
4,50,0.25,Global,FIFO,,200.39073304175122,8.690573535886571,0.86,1.0,0.25,0.019417285919189453
4,50,0.25,Partitioned,FIFO,First-Fit Decreasing,74.66738123150763,7.271080074685789,0.98,1.0,0.24999999999999997,0.020682334899902344
4,50,0.25,Partitioned,FIFO,Best-Fit Decreasing,74.66738123150763,7.271080074685789,0.98,1.0,0.24999999999999997,0.02068042755126953
4,50,0.25,Partitioned,FIFO,Worst-Fit Decreasing,71.79434923925137,7.271080074685789,0.98,1.0,0.24999999999999997,0.020722389221191406
4,50,0.25,Partitioned,FIFO,Round-Robin,71.15919395219217,7.271080074685789,0.98,1.0,0.24999999999999997,0.02075505256652832
4,50,0.25,Global,HEFT,,166.20245612433348,6.523112794755915,0.76,1.0,0.24999999999999986,0.021835803985595703
4,50,0.25,Partitioned,HEFT,First-Fit Decreasing,71.68567074169955,5.69710807259059,1.0,1.0,0.25000000000000006,0.02296757698059082
4,50,0.25,Partitioned,HEFT,Best-Fit Decreasing,71.68567074169955,5.69710807259059,1.0,1.0,0.25000000000000006,0.023941755294799805
4,50,0.25,Partitioned,HEFT,Worst-Fit Decreasing,68.95484997472686,5.69710807259059,1.0,1.0,0.25000000000000006,0.022999286651611328
4,50,0.25,Partitioned,HEFT,Round-Robin,68.64180814903469,5.69710807259059,1.0,1.0,0.25000000000000006,0.023302555084228516
4,50,0.25,Global,LDF,,215.41456886956132,12.16721080471164,1.0,1.0,0.25000000000000006,0.020865440368652344
4,50,0.25,Partitioned,LDF,First-Fit Decreasing,86.99314690870163,8.861444632367858,1.0,1.0,0.24999999999999994,0.01881122589111328
4,50,0.25,Partitioned,LDF,Best-Fit Decreasing,86.99314690870163,8.861444632367858,1.0,1.0,0.24999999999999994,0.018604278564453125
4,50,0.25,Partitioned,LDF,Worst-Fit Decreasing,81.66211818821566,8.861444632367858,1.0,1.0,0.24999999999999994,0.01856231689453125
4,50,0.25,Partitioned,LDF,Round-Robin,80.16963101705892,8.861444632367858,1.0,1.0,0.24999999999999994,0.018605470657348633
4,50,0.5,Global,FIFO,,374.20839410054907,15.734943383642367,0.6,1.0,0.5,0.020206451416015625
4,50,0.5,Partitioned,FIFO,First-Fit Decreasing,147.98385682732075,14.470596998861305,0.94,1.0,0.5,0.015278816223144531
4,50,0.5,Partitioned,FIFO,Best-Fit Decreasing,147.98385682732075,14.470596998861305,0.94,1.0,0.5,0.015365839004516602
4,50,0.5,Partitioned,FIFO,Worst-Fit Decreasing,138.39957000313257,14.470596998861305,0.94,1.0,0.5,0.015365362167358398
4,50,0.5,Partitioned,FIFO,Round-Robin,138.97120579991488,14.470596998861305,0.94,1.0,0.5,0.015424966812133789
4,50,0.5,Global,HEFT,,315.7645792374902,11.852727944942076,0.6,1.0,0.5000000000000002,0.0205075740814209
4,50,0.5,Partitioned,HEFT,First-Fit Decreasing,170.3681381971736,11.985583730287155,0.68,1.0,0.5,0.019765138626098633
4,50,0.5,Partitioned,HEFT,Best-Fit Decreasing,170.3681381971736,11.985583730287155,0.68,1.0,0.5,0.019940853118896484
4,50,0.5,Partitioned,HEFT,Worst-Fit Decreasing,169.44488597471553,11.985583730287155,0.68,1.0,0.5,0.019753456115722656
4,50,0.5,Partitioned,HEFT,Round-Robin,167.20100815580122,11.985583730287155,0.7,1.0,0.5,0.019720792770385742
4,50,0.5,Global,LDF,,370.1661805661155,19.247536198476,1.0,1.0,0.5000000000000001,0.01899576187133789
4,50,0.5,Partitioned,LDF,First-Fit Decreasing,156.43587179717574,16.3884113564195,1.0,1.0,0.49999999999999994,0.019617080688476562
4,50,0.5,Partitioned,LDF,Best-Fit Decreasing,156.43587179717574,16.3884113564195,1.0,1.0,0.49999999999999994,0.019623756408691406
4,50,0.5,Partitioned,LDF,Worst-Fit Decreasing,153.6506473006461,16.3884113564195,1.0,1.0,0.49999999999999994,0.019564151763916016
4,50,0.5,Partitioned,LDF,Round-Robin,150.87098765923403,16.3884113564195,1.0,1.0,0.49999999999999994,0.01952838897705078
4,50,0.75,Global,FIFO,,415.73079302712796,17.676818635024798,0.44,1.0,0.7500000000000001,0.020293712615966797
4,50,0.75,Partitioned,FIFO,First-Fit Decreasing,221.83671478072384,22.631245934495983,0.78,1.0,0.7499999999999998,0.017362117767333984
4,50,0.75,Partitioned,FIFO,Best-Fit Decreasing,221.83671478072384,22.631245934495983,0.78,1.0,0.7499999999999998,0.017503738403320312
4,50,0.75,Partitioned,FIFO,Worst-Fit Decreasing,207.1497691039427,22.631245934495983,0.8,1.0,0.7499999999999998,0.017210006713867188
4,50,0.75,Partitioned,FIFO,Round-Robin,208.1644214294447,22.631245934495983,0.82,1.0,0.7499999999999998,0.017381668090820312
4,50,0.75,Global,HEFT,,443.7876602133731,17.127786259205156,0.42,1.0,0.75,0.020951271057128906
4,50,0.75,Partitioned,HEFT,First-Fit Decreasing,209.31869559380704,14.058325270952087,0.64,1.0,0.7500000000000001,0.015900135040283203
4,50,0.75,Partitioned,HEFT,Best-Fit Decreasing,209.31869559380704,14.058325270952087,0.64,1.0,0.7500000000000001,0.015720129013061523
4,50,0.75,Partitioned,HEFT,Worst-Fit Decreasing,191.65681043437237,14.058325270952087,0.64,1.0,0.7500000000000001,0.015752792358398438
4,50,0.75,Partitioned,HEFT,Round-Robin,191.06922010759826,14.058325270952087,0.64,1.0,0.7500000000000001,0.015499591827392578
4,50,0.75,Global,LDF,,486.17931610879197,21.44500306624884,0.78,1.0,0.7499999999999997,0.017606735229492188
4,50,0.75,Partitioned,LDF,First-Fit Decreasing,239.1245102427704,32.42291444374068,1.0,1.0,0.7500000000000004,0.01952958106994629
4,50,0.75,Partitioned,LDF,Best-Fit Decreasing,239.1245102427704,32.42291444374068,1.0,1.0,0.7500000000000004,0.02695155143737793
4,50,0.75,Partitioned,LDF,Worst-Fit Decreasing,233.54856746939382,32.42291444374068,1.0,1.0,0.7500000000000004,0.01992321014404297
4,50,0.75,Partitioned,LDF,Round-Robin,235.49891020346405,32.42291444374068,1.0,1.0,0.7500000000000004,0.019235849380493164
4,100,0.25,Global,FIFO,,181.24117953908376,6.854281799518258,0.89,1.0,0.24999999999999986,0.051268815994262695
4,100,0.25,Partitioned,FIFO,First-Fit Decreasing,69.5627602357489,5.763600589287325,0.99,1.0,0.25000000000000006,0.04337596893310547
4,100,0.25,Partitioned,FIFO,Best-Fit Decreasing,69.5627602357489,5.763600589287325,0.99,1.0,0.25000000000000006,0.04320096969604492
4,100,0.25,Partitioned,FIFO,Worst-Fit Decreasing,66.67568983737179,5.763600589287325,0.99,1.0,0.25000000000000006,0.04302811622619629
4,100,0.25,Partitioned,FIFO,Round-Robin,66.07316719421607,5.763600589287325,0.99,1.0,0.25000000000000006,0.043035268783569336
4,100,0.25,Global,HEFT,,132.1666187989097,3.5571752388046685,0.81,1.0,0.2499999999999999,0.04754447937011719
4,100,0.25,Partitioned,HEFT,First-Fit Decreasing,72.09235468399002,3.845134524059164,0.99,1.0,0.2500000000000001,0.041928768157958984
4,100,0.25,Partitioned,HEFT,Best-Fit Decreasing,72.09235468399002,3.845134524059164,0.99,1.0,0.2500000000000001,0.04194498062133789
4,100,0.25,Partitioned,HEFT,Worst-Fit Decreasing,67.97397892366345,3.845134524059164,1.0,1.0,0.2500000000000001,0.04190206527709961
4,100,0.25,Partitioned,HEFT,Round-Robin,67.57894423762625,3.845134524059164,1.0,1.0,0.2500000000000001,0.041610002517700195
4,100,0.25,Global,LDF,,146.75931151119477,5.5103807283665445,1.0,1.0,0.25000000000000006,0.04953503608703613
4,100,0.25,Partitioned,LDF,First-Fit Decreasing,63.45183798662956,5.636881635213964,1.0,1.0,0.25000000000000006,0.04390883445739746
4,100,0.25,Partitioned,LDF,Best-Fit Decreasing,63.45183798662956,5.636881635213964,1.0,1.0,0.25000000000000006,0.04361748695373535
4,100,0.25,Partitioned,LDF,Worst-Fit Decreasing,61.8116307343546,5.636881635213964,1.0,1.0,0.25000000000000006,0.04356884956359863
4,100,0.25,Partitioned,LDF,Round-Robin,61.469992554937754,5.636881635213964,1.0,1.0,0.25000000000000006,0.04362607002258301
4,100,0.5,Global,FIFO,,325.41675715829393,12.225653709289677,0.72,1.0,0.5000000000000001,0.047501564025878906
4,100,0.5,Partitioned,FIFO,First-Fit Decreasing,135.88489237444347,9.086858059271474,0.9,1.0,0.5000000000000003,0.038880109786987305
4,100,0.5,Partitioned,FIFO,Best-Fit Decreasing,135.88489237444347,9.086858059271474,0.9,1.0,0.5000000000000003,0.038681745529174805
4,100,0.5,Partitioned,FIFO,Worst-Fit Decreasing,128.49722219804605,9.086858059271474,0.93,1.0,0.5000000000000003,0.03875160217285156
4,100,0.5,Partitioned,FIFO,Round-Robin,129.0738514115553,9.086858059271474,0.93,1.0,0.5000000000000003,0.03858780860900879
4,100,0.5,Global,HEFT,,308.29364132333086,9.371414215791432,0.64,1.0,0.49999999999999983,0.04779243469238281
4,100,0.5,Partitioned,HEFT,First-Fit Decreasing,144.47429504161835,7.901668529506928,0.75,1.0,0.5,0.044660091400146484
4,100,0.5,Partitioned,HEFT,Best-Fit Decreasing,144.47429504161835,7.901668529506928,0.75,1.0,0.5,0.0436854362487793
4,100,0.5,Partitioned,HEFT,Worst-Fit Decreasing,138.818087552552,7.901668529506928,0.76,1.0,0.5,0.04361224174499512
4,100,0.5,Partitioned,HEFT,Round-Robin,138.19062748628522,7.901668529506928,0.77,1.0,0.5,0.043515920639038086
4,100,0.5,Global,LDF,,366.49155645948986,16.975690595594603,1.0,1.0,0.4999999999999998,0.045911550521850586
4,100,0.5,Partitioned,LDF,First-Fit Decreasing,162.30392483162342,18.573001221218014,1.0,1.0,0.5000000000000001,0.04243278503417969
4,100,0.5,Partitioned,LDF,Best-Fit Decreasing,162.30392483162342,18.573001221218014,1.0,1.0,0.5000000000000001,0.04233503341674805
4,100,0.5,Partitioned,LDF,Worst-Fit Decreasing,159.14759387459705,18.573001221218014,1.0,1.0,0.5000000000000001,0.043517351150512695
4,100,0.5,Partitioned,LDF,Round-Robin,157.5560528728038,18.573001221218014,1.0,1.0,0.5000000000000001,0.04246020317077637
4,100,0.75,Global,FIFO,,461.29656074029793,17.538374340214236,0.5,1.0,0.7500000000000001,0.04624128341674805
4,100,0.75,Partitioned,FIFO,First-Fit Decreasing,202.8897143227337,16.279858646697402,0.83,1.0,0.75,0.0399014949798584
4,100,0.75,Partitioned,FIFO,Best-Fit Decreasing,202.8897143227337,16.279858646697402,0.83,1.0,0.75,0.03988027572631836
4,100,0.75,Partitioned,FIFO,Worst-Fit Decreasing,187.6015789288415,16.279858646697402,0.84,1.0,0.75,0.03975415229797363
4,100,0.75,Partitioned,FIFO,Round-Robin,188.8620181463675,16.279858646697402,0.84,1.0,0.75,0.03966712951660156
4,100,0.75,Global,HEFT,,411.9627248977301,12.312928832271584,0.46,1.0,0.7500000000000002,0.04530143737792969
4,100,0.75,Partitioned,HEFT,First-Fit Decreasing,247.99197100917215,13.247341888002659,0.6,1.0,0.7500000000000001,0.04213213920593262
4,100,0.75,Partitioned,HEFT,Best-Fit Decreasing,247.99197100917215,13.247341888002659,0.6,1.0,0.7500000000000001,0.042340993881225586
4,100,0.75,Partitioned,HEFT,Worst-Fit Decreasing,243.42180256288074,13.247341888002659,0.6,1.0,0.7500000000000001,0.04215049743652344
4,100,0.75,Partitioned,HEFT,Round-Robin,242.42316917588786,13.247341888002659,0.6,1.0,0.7500000000000001,0.04205608367919922
4,100,0.75,Global,LDF,,568.8846557897322,24.696047910277617,0.73,1.0,0.7499999999999999,0.04274415969848633
4,100,0.75,Partitioned,LDF,First-Fit Decreasing,214.51649485343228,24.504019277020298,1.0,1.0,0.7500000000000007,0.04127621650695801
4,100,0.75,Partitioned,LDF,Best-Fit Decreasing,214.51649485343228,24.504019277020298,1.0,1.0,0.7500000000000007,0.04124093055725098
4,100,0.75,Partitioned,LDF,Worst-Fit Decreasing,210.67294119331456,24.504019277020298,1.0,1.0,0.7500000000000007,0.041199445724487305
4,100,0.75,Partitioned,LDF,Round-Robin,207.0421883540469,24.504019277020298,1.0,1.0,0.7500000000000007,0.04122567176818848
4,200,0.25,Global,FIFO,,170.30804052107436,4.166144165074895,0.845,1.0,0.25,0.13966155052185059
4,200,0.25,Partitioned,FIFO,First-Fit Decreasing,73.59947711953289,3.623386174183188,1.0,1.0,0.2500000000000002,0.08914518356323242
4,200,0.25,Partitioned,FIFO,Best-Fit Decreasing,73.59947711953289,3.623386174183188,1.0,1.0,0.2500000000000002,0.0893409252166748
4,200,0.25,Partitioned,FIFO,Worst-Fit Decreasing,68.97253422800549,3.623386174183188,1.0,1.0,0.2500000000000002,0.08906292915344238
4,200,0.25,Partitioned,FIFO,Round-Robin,69.11807296169435,3.623386174183188,1.0,1.0,0.2500000000000002,0.08903789520263672
4,200,0.25,Global,HEFT,,161.17138751557653,4.009472139836832,0.83,1.0,0.25000000000000044,0.14270901679992676
4,200,0.25,Partitioned,HEFT,First-Fit Decreasing,79.54462850148511,3.914159553833951,0.99,1.0,0.25,0.09437704086303711
4,200,0.25,Partitioned,HEFT,Best-Fit Decreasing,79.54462850148511,3.914159553833951,0.99,1.0,0.25,0.09494566917419434
4,200,0.25,Partitioned,HEFT,Worst-Fit Decreasing,76.71110872492996,3.914159553833951,0.99,1.0,0.25,0.0946657657623291
4,200,0.25,Partitioned,HEFT,Round-Robin,76.71058668306709,3.914159553833951,0.99,1.0,0.25,0.09483146667480469
4,200,0.25,Global,LDF,,180.341553523354,4.4526874414843,1.0,1.0,0.24999999999999992,0.14072513580322266
4,200,0.25,Partitioned,LDF,First-Fit Decreasing,85.5503622688515,5.349111821567972,1.0,1.0,0.2500000000000001,0.09001803398132324
4,200,0.25,Partitioned,LDF,Best-Fit Decreasing,85.5503622688515,5.349111821567972,1.0,1.0,0.2500000000000001,0.09012007713317871
4,200,0.25,Partitioned,LDF,Worst-Fit Decreasing,82.91611228286997,5.349111821567972,1.0,1.0,0.2500000000000001,0.09012961387634277
4,200,0.25,Partitioned,LDF,Round-Robin,82.54486186247986,5.349111821567972,1.0,1.0,0.2500000000000001,0.09069371223449707
4,200,0.5,Global,FIFO,,311.5107816475879,9.195188630231199,0.695,1.0,0.5000000000000002,0.14153361320495605
4,200,0.5,Partitioned,FIFO,First-Fit Decreasing,144.70640423973876,10.189662693712915,0.91,1.0,0.4999999999999996,0.09127688407897949
4,200,0.5,Partitioned,FIFO,Best-Fit Decreasing,144.70640423973876,10.189662693712915,0.91,1.0,0.4999999999999996,0.0915827751159668
4,200,0.5,Partitioned,FIFO,Worst-Fit Decreasing,136.20289326888442,10.189662693712915,0.935,1.0,0.4999999999999996,0.09147286415100098
4,200,0.5,Partitioned,FIFO,Round-Robin,135.76365394186524,10.189662693712915,0.93,1.0,0.4999999999999996,0.09237504005432129
4,200,0.5,Global,HEFT,,298.2364719548392,7.896840384718514,0.625,1.0,0.5,0.14108633995056152
4,200,0.5,Partitioned,HEFT,First-Fit Decreasing,163.56685031788794,8.795359888197268,0.875,1.0,0.4999999999999999,0.09160733222961426
4,200,0.5,Partitioned,HEFT,Best-Fit Decreasing,163.56685031788794,8.795359888197268,0.875,1.0,0.4999999999999999,0.09086799621582031
4,200,0.5,Partitioned,HEFT,Worst-Fit Decreasing,157.32058113185104,8.795359888197268,0.88,1.0,0.4999999999999999,0.09122300148010254
4,200,0.5,Partitioned,HEFT,Round-Robin,155.68347042071818,8.795359888197268,0.885,1.0,0.4999999999999999,0.09164953231811523
4,200,0.5,Global,LDF,,368.4615260576277,13.323665747538511,1.0,1.0,0.4999999999999997,0.1405808925628662
4,200,0.5,Partitioned,LDF,First-Fit Decreasing,146.7399864312008,13.120120247268737,1.0,1.0,0.5000000000000002,0.08858680725097656
4,200,0.5,Partitioned,LDF,Best-Fit Decreasing,146.7399864312008,13.120120247268737,1.0,1.0,0.5000000000000002,0.08903956413269043
4,200,0.5,Partitioned,LDF,Worst-Fit Decreasing,139.15137478063193,13.120120247268737,1.0,1.0,0.5000000000000002,0.08903670310974121
4,200,0.5,Partitioned,LDF,Round-Robin,138.22948810922819,13.120120247268737,1.0,1.0,0.5000000000000002,0.0887305736541748
4,200,0.75,Global,FIFO,,493.0005477380009,16.170867108361687,0.445,1.0,0.7499999999999996,0.1385807991027832
4,200,0.75,Partitioned,FIFO,First-Fit Decreasing,225.9617208150202,18.64521602947523,0.795,1.0,0.7499999999999991,0.09011960029602051
4,200,0.75,Partitioned,FIFO,Best-Fit Decreasing,225.9617208150202,18.64521602947523,0.795,1.0,0.7499999999999991,0.09038901329040527
4,200,0.75,Partitioned,FIFO,Worst-Fit Decreasing,214.4337308161694,18.64521602947523,0.81,1.0,0.7499999999999991,0.09041833877563477
4,200,0.75,Partitioned,FIFO,Round-Robin,214.9052307065991,18.64521602947523,0.81,1.0,0.7499999999999991,0.09016680717468262
4,200,0.75,Global,HEFT,,447.12426828966636,10.993273620021641,0.45,1.0,0.7500000000000003,0.1366868019104004
4,200,0.75,Partitioned,HEFT,First-Fit Decreasing,214.09215059930037,11.026951839795538,0.75,1.0,0.7499999999999996,0.08888435363769531
4,200,0.75,Partitioned,HEFT,Best-Fit Decreasing,214.09215059930037,11.026951839795538,0.75,1.0,0.7499999999999996,0.08933138847351074
4,200,0.75,Partitioned,HEFT,Worst-Fit Decreasing,204.86482024815012,11.026951839795538,0.76,1.0,0.7499999999999996,0.08915185928344727
4,200,0.75,Partitioned,HEFT,Round-Robin,204.40297635614033,11.026951839795538,0.76,1.0,0.7499999999999996,0.08911490440368652
4,200,0.75,Global,LDF,,525.5240285634205,22.753006768612874,0.755,1.0,0.7499999999999994,0.14261937141418457
4,200,0.75,Partitioned,LDF,First-Fit Decreasing,217.1359208334519,20.66023087889448,1.0,1.0,0.7499999999999996,0.08323788642883301
4,200,0.75,Partitioned,LDF,Best-Fit Decreasing,217.1359208334519,20.66023087889448,1.0,1.0,0.7499999999999996,0.08336877822875977
4,200,0.75,Partitioned,LDF,Worst-Fit Decreasing,205.54774591716006,20.66023087889448,1.0,1.0,0.7499999999999996,0.08349776268005371
4,200,0.75,Partitioned,LDF,Round-Robin,203.82316909720407,20.66023087889448,1.0,1.0,0.7499999999999996,0.08305788040161133
4,400,0.25,Global,FIFO,,168.27834898664386,3.6879741764244933,0.8725,1.0,0.2500000000000002,0.5963022708892822
4,400,0.25,Partitioned,FIFO,First-Fit Decreasing,71.86141659806927,3.5405336015736975,0.995,1.0,0.2499999999999997,0.19772601127624512
4,400,0.25,Partitioned,FIFO,Best-Fit Decreasing,71.86141659806927,3.5405336015736975,0.995,1.0,0.2499999999999997,0.1985611915588379
4,400,0.25,Partitioned,FIFO,Worst-Fit Decreasing,68.66285019315968,3.5405336015736975,1.0,1.0,0.2499999999999997,0.19854378700256348
4,400,0.25,Partitioned,FIFO,Round-Robin,68.26419109219826,3.5405336015736975,1.0,1.0,0.2499999999999997,0.19835519790649414
4,400,0.25,Global,HEFT,,155.09423176460174,3.5959762284964842,0.8675,1.0,0.2499999999999998,0.6299657821655273
4,400,0.25,Partitioned,HEFT,First-Fit Decreasing,80.7498926306956,3.629035041097806,0.99,1.0,0.25,0.21015071868896484
4,400,0.25,Partitioned,HEFT,Best-Fit Decreasing,80.7498926306956,3.629035041097806,0.99,1.0,0.25,0.21059274673461914
4,400,0.25,Partitioned,HEFT,Worst-Fit Decreasing,76.81632918042544,3.629035041097806,0.9975,1.0,0.25,0.21090054512023926
4,400,0.25,Partitioned,HEFT,Round-Robin,76.69080728868842,3.629035041097806,1.0,1.0,0.25,0.21050381660461426
4,400,0.25,Global,LDF,,185.50920952410198,4.018550584391959,1.0,1.0,0.25000000000000006,0.6402294635772705
4,400,0.25,Partitioned,LDF,First-Fit Decreasing,78.42079506831169,4.009173570163116,1.0,1.0,0.2500000000000002,0.20847296714782715
4,400,0.25,Partitioned,LDF,Best-Fit Decreasing,78.42079506831169,4.009173570163116,1.0,1.0,0.2500000000000002,0.2084963321685791
4,400,0.25,Partitioned,LDF,Worst-Fit Decreasing,74.87630713985246,4.009173570163116,1.0,1.0,0.2500000000000002,0.20960164070129395
4,400,0.25,Partitioned,LDF,Round-Robin,74.48521132855703,4.009173570163116,1.0,1.0,0.2500000000000002,0.20855998992919922
4,400,0.5,Global,FIFO,,354.85388158151807,7.752362779749331,0.6975,1.0,0.5000000000000003,0.5853025913238525
4,400,0.5,Partitioned,FIFO,First-Fit Decreasing,145.38938921774934,7.195544880205626,0.9,1.0,0.4999999999999996,0.20735764503479004
4,400,0.5,Partitioned,FIFO,Best-Fit Decreasing,145.38938921774934,7.195544880205626,0.9,1.0,0.4999999999999996,0.20747804641723633
4,400,0.5,Partitioned,FIFO,Worst-Fit Decreasing,137.16941990667408,7.195544880205626,0.91,1.0,0.4999999999999996,0.20744919776916504
4,400,0.5,Partitioned,FIFO,Round-Robin,136.38221260277814,7.195544880205626,0.91,1.0,0.4999999999999996,0.20772051811218262
4,400,0.5,Global,HEFT,,300.26608083393324,6.644696931270865,0.665,1.0,0.49999999999999994,0.6219754219055176
4,400,0.5,Partitioned,HEFT,First-Fit Decreasing,161.5789214534521,7.6646788807761155,0.865,1.0,0.5,0.20812201499938965
4,400,0.5,Partitioned,HEFT,Best-Fit Decreasing,161.5789214534521,7.6646788807761155,0.865,1.0,0.5,0.20831680297851562
4,400,0.5,Partitioned,HEFT,Worst-Fit Decreasing,154.06087302796294,7.6646788807761155,0.8675,1.0,0.5,0.20921730995178223
4,400,0.5,Partitioned,HEFT,Round-Robin,153.3331705187777,7.6646788807761155,0.87,1.0,0.5,0.2080669403076172
4,400,0.5,Global,LDF,,339.31697233227663,8.912814807035977,1.0,1.0,0.5000000000000004,0.6256787776947021
4,400,0.5,Partitioned,LDF,First-Fit Decreasing,147.67922245437904,8.896752492066202,1.0,1.0,0.5000000000000003,0.20659613609313965
4,400,0.5,Partitioned,LDF,Best-Fit Decreasing,147.67922245437904,8.896752492066202,1.0,1.0,0.5000000000000003,0.20660185813903809
4,400,0.5,Partitioned,LDF,Worst-Fit Decreasing,140.88270047361775,8.896752492066202,1.0,1.0,0.5000000000000003,0.2061753273010254
4,400,0.5,Partitioned,LDF,Round-Robin,140.36446544226533,8.896752492066202,1.0,1.0,0.5000000000000003,0.20633554458618164
4,400,0.75,Global,FIFO,,471.25242015081676,12.105492043058305,0.4925,1.0,0.7499999999999993,0.5971043109893799
4,400,0.75,Partitioned,FIFO,First-Fit Decreasing,240.57005631967309,15.343550571407727,0.78,1.0,0.7500000000000003,0.2038896083831787
4,400,0.75,Partitioned,FIFO,Best-Fit Decreasing,240.57005631967309,15.343550571407727,0.78,1.0,0.7500000000000003,0.20381903648376465
4,400,0.75,Partitioned,FIFO,Worst-Fit Decreasing,230.48326160993668,15.343550571407727,0.7875,1.0,0.7500000000000003,0.20407867431640625
4,400,0.75,Partitioned,FIFO,Round-Robin,228.7625620974798,15.343550571407727,0.7875,1.0,0.7500000000000003,0.2037370204925537
4,400,0.75,Global,HEFT,,471.9695937845045,12.30449543668892,0.515,1.0,0.7499999999999993,0.6226670742034912
4,400,0.75,Partitioned,HEFT,First-Fit Decreasing,247.90762623998376,12.558472978261825,0.7525,1.0,0.7499999999999998,0.20626282691955566
4,400,0.75,Partitioned,HEFT,Best-Fit Decreasing,247.90762623998376,12.558472978261825,0.7525,1.0,0.7499999999999998,0.2061629295349121
4,400,0.75,Partitioned,HEFT,Worst-Fit Decreasing,236.06700787391074,12.558472978261825,0.7625,1.0,0.7499999999999998,0.20672917366027832
4,400,0.75,Partitioned,HEFT,Round-Robin,236.88772957959293,12.558472978261825,0.7675,1.0,0.7499999999999998,0.20580458641052246
4,400,0.75,Global,LDF,,513.9442653019412,16.610136246756603,0.775,1.0,0.7499999999999998,0.6232619285583496
4,400,0.75,Partitioned,LDF,First-Fit Decreasing,235.7396122249598,19.494241329207437,1.0,1.0,0.7499999999999989,0.21489858627319336
4,400,0.75,Partitioned,LDF,Best-Fit Decreasing,235.7396122249598,19.494241329207437,1.0,1.0,0.7499999999999989,0.21514630317687988
4,400,0.75,Partitioned,LDF,Worst-Fit Decreasing,230.7698535090616,19.494241329207437,1.0,1.0,0.7499999999999989,0.21515345573425293
4,400,0.75,Partitioned,LDF,Round-Robin,230.09014010492322,19.494241329207437,1.0,1.0,0.7499999999999989,0.21529626846313477
4,600,0.25,Global,FIFO,,170.04961110314179,3.729136390263271,0.8783333333333333,1.0,0.25000000000000033,1.652247667312622
4,600,0.25,Partitioned,FIFO,First-Fit Decreasing,70.2403978636715,3.5018053639196114,1.0,1.0,0.2500000000000002,0.3325481414794922
4,600,0.25,Partitioned,FIFO,Best-Fit Decreasing,70.2403978636715,3.5018053639196114,1.0,1.0,0.2500000000000002,0.33257484436035156
4,600,0.25,Partitioned,FIFO,Worst-Fit Decreasing,67.21831127832894,3.5018053639196114,1.0,1.0,0.2500000000000002,0.33214664459228516
4,600,0.25,Partitioned,FIFO,Round-Robin,66.63769120120804,3.5018053639196114,1.0,1.0,0.2500000000000002,0.3321714401245117
4,600,0.25,Global,HEFT,,143.2245192478584,3.285341925948451,0.8833333333333333,1.0,0.24999999999999997,1.7884368896484375
4,600,0.25,Partitioned,HEFT,First-Fit Decreasing,78.67723341652349,3.5710492247537258,0.995,1.0,0.25,0.3455173969268799
4,600,0.25,Partitioned,HEFT,Best-Fit Decreasing,78.67723341652349,3.5710492247537258,0.995,1.0,0.25,0.34522485733032227
4,600,0.25,Partitioned,HEFT,Worst-Fit Decreasing,76.43424573101547,3.5710492247537258,1.0,1.0,0.25,0.34387779235839844
4,600,0.25,Partitioned,HEFT,Round-Robin,76.10977306997209,3.5710492247537258,0.9966666666666667,1.0,0.25,0.34450364112854004
4,600,0.25,Global,LDF,,180.34585240341443,3.6737959238946747,1.0,1.0,0.24999999999999978,1.7868831157684326
4,600,0.25,Partitioned,LDF,First-Fit Decreasing,73.72635789600804,3.6237151990400194,1.0,1.0,0.25000000000000017,0.3413276672363281
4,600,0.25,Partitioned,LDF,Best-Fit Decreasing,73.72635789600804,3.6237151990400194,1.0,1.0,0.25000000000000017,0.3419651985168457
4,600,0.25,Partitioned,LDF,Worst-Fit Decreasing,70.87736537189838,3.6237151990400194,1.0,1.0,0.25000000000000017,0.34343862533569336
4,600,0.25,Partitioned,LDF,Round-Robin,70.91038574201038,3.6237151990400194,1.0,1.0,0.25000000000000017,0.3418734073638916
4,600,0.5,Global,FIFO,,338.77522728190684,6.970156832587963,0.6683333333333333,1.0,0.4999999999999994,1.6523001194000244
4,600,0.5,Partitioned,FIFO,First-Fit Decreasing,152.50035040477383,7.694051657144953,0.93,1.0,0.4999999999999994,0.3384528160095215
4,600,0.5,Partitioned,FIFO,Best-Fit Decreasing,152.50035040477383,7.694051657144953,0.93,1.0,0.4999999999999994,0.3399014472961426
4,600,0.5,Partitioned,FIFO,Worst-Fit Decreasing,143.59940638271664,7.694051657144953,0.9383333333333334,1.0,0.4999999999999994,0.3390233516693115
4,600,0.5,Partitioned,FIFO,Round-Robin,144.005281681597,7.694051657144953,0.9383333333333334,1.0,0.4999999999999994,0.33797621726989746
4,600,0.5,Global,HEFT,,312.7341182266389,7.111102816823263,0.6716666666666666,1.0,0.49999999999999994,1.796525478363037
4,600,0.5,Partitioned,HEFT,First-Fit Decreasing,155.19421170814462,6.783238410537767,0.8483333333333334,1.0,0.4999999999999997,0.33814167976379395
4,600,0.5,Partitioned,HEFT,Best-Fit Decreasing,155.19421170814462,6.783238410537767,0.8483333333333334,1.0,0.4999999999999997,0.3400092124938965
4,600,0.5,Partitioned,HEFT,Worst-Fit Decreasing,148.68003882139428,6.783238410537767,0.855,1.0,0.4999999999999997,0.3395206928253174
4,600,0.5,Partitioned,HEFT,Round-Robin,148.2429213405573,6.783238410537767,0.855,1.0,0.4999999999999997,0.3390958309173584
4,600,0.5,Global,LDF,,334.56063191343145,6.887961084750591,1.0,1.0,0.5000000000000003,1.7793993949890137
4,600,0.5,Partitioned,LDF,First-Fit Decreasing,152.2898547868351,7.561961316872618,1.0,1.0,0.5000000000000002,0.3441140651702881
4,600,0.5,Partitioned,LDF,Best-Fit Decreasing,152.2898547868351,7.561961316872618,1.0,1.0,0.5000000000000002,0.34458088874816895
4,600,0.5,Partitioned,LDF,Worst-Fit Decreasing,145.98366221222742,7.561961316872618,1.0,1.0,0.5000000000000002,0.34545278549194336
4,600,0.5,Partitioned,LDF,Round-Robin,145.9256628792123,7.561961316872618,1.0,1.0,0.5000000000000002,0.3456547260284424
4,600,0.75,Global,FIFO,,508.6072201697129,11.673272435199026,0.45166666666666666,1.0,0.7500000000000004,1.6811308860778809
4,600,0.75,Partitioned,FIFO,First-Fit Decreasing,231.19174683849826,12.029633459654827,0.805,1.0,0.75,0.32652735710144043
4,600,0.75,Partitioned,FIFO,Best-Fit Decreasing,231.19174683849826,12.029633459654827,0.805,1.0,0.75,0.3271477222442627
4,600,0.75,Partitioned,FIFO,Worst-Fit Decreasing,218.99753419939069,12.029633459654827,0.815,1.0,0.75,0.32717227935791016
4,600,0.75,Partitioned,FIFO,Round-Robin,219.23004374200906,12.029633459654827,0.8116666666666666,1.0,0.75,0.3264429569244385
4,600,0.75,Global,HEFT,,471.44032302532247,10.394348744361862,0.54,1.0,0.7499999999999988,1.777867078781128
4,600,0.75,Partitioned,HEFT,First-Fit Decreasing,233.80121086342638,10.711952787853745,0.745,1.0,0.7499999999999997,0.3361947536468506
4,600,0.75,Partitioned,HEFT,Best-Fit Decreasing,233.80121086342638,10.711952787853745,0.745,1.0,0.7499999999999997,0.3372519016265869
4,600,0.75,Partitioned,HEFT,Worst-Fit Decreasing,225.29239238720203,10.711952787853745,0.7483333333333333,1.0,0.7499999999999997,0.3362565040588379
4,600,0.75,Partitioned,HEFT,Round-Robin,224.2450874083948,10.711952787853745,0.75,1.0,0.7499999999999997,0.33576226234436035
4,600,0.75,Global,LDF,,548.5806784795664,13.090681587482301,0.74,1.0,0.7499999999999997,1.796915054321289
4,600,0.75,Partitioned,LDF,First-Fit Decreasing,230.68406395201717,13.920676581881896,1.0,1.0,0.7500000000000006,0.33551836013793945
4,600,0.75,Partitioned,LDF,Best-Fit Decreasing,230.68406395201717,13.920676581881896,1.0,1.0,0.7500000000000006,0.33553171157836914
4,600,0.75,Partitioned,LDF,Worst-Fit Decreasing,218.28436017854736,13.920676581881896,1.0,1.0,0.7500000000000006,0.3365607261657715
4,600,0.75,Partitioned,LDF,Round-Robin,217.98003965467444,13.920676581881896,1.0,1.0,0.7500000000000006,0.33551597595214844
8,10,0.25,Global,FIFO,,185.91944402091784,18.687288343905756,0.8,1.0,0.25000000000000006,0.004688262939453125
8,10,0.25,Partitioned,FIFO,First-Fit Decreasing,121.82943454660547,23.67506852019507,0.9,1.0,0.24999999999999997,0.004731178283691406
8,10,0.25,Partitioned,FIFO,Best-Fit Decreasing,121.82943454660547,23.67506852019507,0.9,1.0,0.24999999999999997,0.004664182662963867
8,10,0.25,Partitioned,FIFO,Worst-Fit Decreasing,64.17388221138734,23.67506852019507,1.0,1.0,0.24999999999999997,0.004627227783203125
8,10,0.25,Partitioned,FIFO,Round-Robin,64.17388221138735,23.67506852019507,1.0,1.0,0.24999999999999997,0.004581928253173828
8,10,0.25,Global,HEFT,,98.36008836030769,10.059682706912207,0.9,1.0,0.25,0.004669189453125
8,10,0.25,Partitioned,HEFT,First-Fit Decreasing,104.29992915663188,19.874642741085285,0.8,1.0,0.24999999999999994,0.0042743682861328125
8,10,0.25,Partitioned,HEFT,Best-Fit Decreasing,104.29992915663188,19.874642741085285,0.8,1.0,0.24999999999999994,0.004260063171386719
8,10,0.25,Partitioned,HEFT,Worst-Fit Decreasing,53.4663143499595,19.874642741085285,1.0,1.0,0.24999999999999994,0.004204750061035156
8,10,0.25,Partitioned,HEFT,Round-Robin,54.088284140323424,19.874642741085285,1.0,1.0,0.24999999999999994,0.004180908203125
8,10,0.25,Global,LDF,,171.00343794688965,12.972896960050761,1.0,1.0,0.24999999999999997,0.002453327178955078
8,10,0.25,Partitioned,LDF,First-Fit Decreasing,72.67114553398676,20.44025582586116,1.0,1.0,0.25,0.003760099411010742
8,10,0.25,Partitioned,LDF,Best-Fit Decreasing,72.67114553398676,20.44025582586116,1.0,1.0,0.25,0.003736734390258789
8,10,0.25,Partitioned,LDF,Worst-Fit Decreasing,38.35584029389082,20.44025582586116,1.0,1.0,0.25,0.003727436065673828
8,10,0.25,Partitioned,LDF,Round-Robin,39.71967767224358,20.44025582586116,1.0,1.0,0.25,0.0037164688110351562
8,10,0.5,Global,FIFO,,298.4666893206168,31.51748975344564,0.7,1.0,0.4999999999999999,0.0036745071411132812
8,10,0.5,Partitioned,FIFO,First-Fit Decreasing,242.2266177450794,53.288191279842614,0.7,1.0,0.5,0.004051923751831055
8,10,0.5,Partitioned,FIFO,Best-Fit Decreasing,242.2266177450794,53.288191279842614,0.7,1.0,0.5,0.0041425228118896484
8,10,0.5,Partitioned,FIFO,Worst-Fit Decreasing,125.36256536825324,53.288191279842614,0.9,1.0,0.5,0.004104137420654297
8,10,0.5,Partitioned,FIFO,Round-Robin,128.24610060054675,53.288191279842614,0.9,1.0,0.5,0.0040662288665771484
8,10,0.5,Global,HEFT,,198.08721693414364,22.366048803101688,0.5,1.0,0.49999999999999994,0.003992795944213867
8,10,0.5,Partitioned,HEFT,First-Fit Decreasing,141.3172493850919,26.300967053263594,0.8,1.0,0.5,0.0027604103088378906
8,10,0.5,Partitioned,HEFT,Best-Fit Decreasing,141.3172493850919,26.300967053263594,0.8,1.0,0.5,0.002821207046508789
8,10,0.5,Partitioned,HEFT,Worst-Fit Decreasing,60.22204363723447,26.300967053263594,1.0,1.0,0.5,0.0027856826782226562
8,10,0.5,Partitioned,HEFT,Round-Robin,61.60008486388439,26.300967053263594,1.0,1.0,0.5,0.0027916431427001953
8,10,0.5,Global,LDF,,321.7517949009075,34.97515802609518,1.0,1.0,0.49999999999999994,0.0032100677490234375
8,10,0.5,Partitioned,LDF,First-Fit Decreasing,149.53157725790578,32.73094571717002,1.0,1.0,0.5000000000000001,0.003261566162109375
8,10,0.5,Partitioned,LDF,Best-Fit Decreasing,149.53157725790578,32.73094571717002,1.0,1.0,0.5000000000000001,0.003298044204711914
8,10,0.5,Partitioned,LDF,Worst-Fit Decreasing,74.91700299949252,32.73094571717002,1.0,1.0,0.5000000000000001,0.0032477378845214844
8,10,0.5,Partitioned,LDF,Round-Robin,71.79045518736197,32.73094571717002,1.0,1.0,0.5000000000000001,0.003306150436401367
8,10,0.75,Global,FIFO,,611.6427129472806,60.14355067049248,0.5,1.0,0.7499999999999999,0.004170417785644531
8,10,0.75,Partitioned,FIFO,First-Fit Decreasing,170.1990427068375,38.22785476753735,0.8,1.0,0.75,0.0037000179290771484
8,10,0.75,Partitioned,FIFO,Best-Fit Decreasing,170.1990427068375,38.22785476753735,0.8,1.0,0.75,0.0036725997924804688
8,10,0.75,Partitioned,FIFO,Worst-Fit Decreasing,85.3671136469408,38.22785476753735,1.0,1.0,0.75,0.0039479732513427734
8,10,0.75,Partitioned,FIFO,Round-Robin,87.44455500081807,38.22785476753735,0.9,1.0,0.75,0.0036427974700927734
8,10,0.75,Global,HEFT,,530.8231904970984,57.07434812978653,0.4,1.0,0.7500000000000001,0.003648519515991211
8,10,0.75,Partitioned,HEFT,First-Fit Decreasing,174.5835305155468,32.36862777674797,0.5,1.0,0.7500000000000001,0.004177093505859375
8,10,0.75,Partitioned,HEFT,Best-Fit Decreasing,174.5835305155468,32.36862777674797,0.5,1.0,0.7500000000000001,0.004266023635864258
8,10,0.75,Partitioned,HEFT,Worst-Fit Decreasing,89.57198358438498,32.36862777674797,1.0,1.0,0.7500000000000001,0.004108905792236328
8,10,0.75,Partitioned,HEFT,Round-Robin,86.65790394374127,32.36862777674797,0.9,1.0,0.7500000000000001,0.004137754440307617
8,10,0.75,Global,LDF,,345.57812944403594,31.127089640156935,0.8,1.0,0.7500000000000001,0.003706216812133789
8,10,0.75,Partitioned,LDF,First-Fit Decreasing,352.69627026046953,76.58410354305573,1.0,1.0,0.75,0.004533052444458008
8,10,0.75,Partitioned,LDF,Best-Fit Decreasing,352.69627026046953,76.58410354305573,1.0,1.0,0.75,0.004686832427978516
8,10,0.75,Partitioned,LDF,Worst-Fit Decreasing,181.44767857318158,76.58410354305573,1.0,1.0,0.75,0.004611015319824219
8,10,0.75,Partitioned,LDF,Round-Robin,192.62796745817903,76.58410354305573,1.0,1.0,0.75,0.004533529281616211
8,50,0.25,Global,FIFO,,155.77949114385797,6.440855066953791,0.78,1.0,0.25000000000000006,0.021294593811035156
8,50,0.25,Partitioned,FIFO,First-Fit Decreasing,59.99150911956161,4.758566270462498,1.0,1.0,0.24999999999999997,0.022290706634521484
8,50,0.25,Partitioned,FIFO,Best-Fit Decreasing,59.99150911956161,4.758566270462498,1.0,1.0,0.24999999999999997,0.022300004959106445
8,50,0.25,Partitioned,FIFO,Worst-Fit Decreasing,28.411044444966187,4.758566270462498,1.0,1.0,0.24999999999999997,0.02213287353515625
8,50,0.25,Partitioned,FIFO,Round-Robin,28.652251483801273,4.758566270462498,1.0,1.0,0.24999999999999997,0.02206873893737793
8,50,0.25,Global,HEFT,,150.66028351217307,5.034315256239385,0.8,1.0,0.24999999999999997,0.021547794342041016
8,50,0.25,Partitioned,HEFT,First-Fit Decreasing,71.60028589671154,4.977954996437449,1.0,1.0,0.25000000000000006,0.020879507064819336
8,50,0.25,Partitioned,HEFT,Best-Fit Decreasing,71.60028589671154,4.977954996437449,1.0,1.0,0.25000000000000006,0.021004438400268555
8,50,0.25,Partitioned,HEFT,Worst-Fit Decreasing,34.87825674778696,4.977954996437449,1.0,1.0,0.25000000000000006,0.020694494247436523
8,50,0.25,Partitioned,HEFT,Round-Robin,35.02853068463788,4.977954996437449,1.0,1.0,0.25000000000000006,0.020725011825561523
8,50,0.25,Global,LDF,,164.6894122053122,8.109210793064697,1.0,1.0,0.25,0.023180723190307617
8,50,0.25,Partitioned,LDF,First-Fit Decreasing,80.37028203600508,7.491196370153879,1.0,1.0,0.24999999999999992,0.018168210983276367
8,50,0.25,Partitioned,LDF,Best-Fit Decreasing,80.37028203600508,7.491196370153879,1.0,1.0,0.24999999999999992,0.01820516586303711
8,50,0.25,Partitioned,LDF,Worst-Fit Decreasing,39.04967069498759,7.491196370153879,1.0,1.0,0.24999999999999992,0.018271446228027344
8,50,0.25,Partitioned,LDF,Round-Robin,38.22435390800345,7.491196370153879,1.0,1.0,0.24999999999999992,0.017976045608520508
8,50,0.5,Global,FIFO,,352.4774580858661,16.303944858473063,0.7,1.0,0.5,0.021399497985839844
8,50,0.5,Partitioned,FIFO,First-Fit Decreasing,113.09100453105808,10.722135629030022,0.96,1.0,0.4999999999999998,0.020288944244384766
8,50,0.5,Partitioned,FIFO,Best-Fit Decreasing,113.09100453105808,10.722135629030022,0.96,1.0,0.4999999999999998,0.020399093627929688
8,50,0.5,Partitioned,FIFO,Worst-Fit Decreasing,54.705925743412934,10.722135629030022,1.0,1.0,0.4999999999999998,0.020376205444335938
8,50,0.5,Partitioned,FIFO,Round-Robin,54.58109858365722,10.722135629030022,1.0,1.0,0.4999999999999998,0.020272016525268555
8,50,0.5,Global,HEFT,,264.11805344918025,9.049231745899377,0.46,1.0,0.49999999999999983,0.021602869033813477
8,50,0.5,Partitioned,HEFT,First-Fit Decreasing,155.95769714222524,11.186272363258677,0.86,1.0,0.5,0.020455121994018555
8,50,0.5,Partitioned,HEFT,Best-Fit Decreasing,155.95769714222524,11.186272363258677,0.86,1.0,0.5,0.02034592628479004
8,50,0.5,Partitioned,HEFT,Worst-Fit Decreasing,78.02287265919652,11.186272363258677,1.0,1.0,0.5,0.02037334442138672
8,50,0.5,Partitioned,HEFT,Round-Robin,77.165859302884,11.186272363258677,1.0,1.0,0.5,0.020334959030151367
8,50,0.5,Global,LDF,,320.7878390810094,16.359474423070214,1.0,1.0,0.4999999999999999,0.019774198532104492
8,50,0.5,Partitioned,LDF,First-Fit Decreasing,140.57445191324766,18.62360202418353,1.0,1.0,0.4999999999999999,0.02193927764892578
8,50,0.5,Partitioned,LDF,Best-Fit Decreasing,140.57445191324766,18.62360202418353,1.0,1.0,0.4999999999999999,0.022142887115478516
8,50,0.5,Partitioned,LDF,Worst-Fit Decreasing,69.63571018988112,18.62360202418353,1.0,1.0,0.4999999999999999,0.021955251693725586
8,50,0.5,Partitioned,LDF,Round-Robin,69.47915547283738,18.62360202418353,1.0,1.0,0.4999999999999999,0.021739959716796875
8,50,0.75,Global,FIFO,,514.2380219535279,22.684897310667694,0.5,1.0,0.7499999999999998,0.01860666275024414
8,50,0.75,Partitioned,FIFO,First-Fit Decreasing,226.79888331098914,23.711889326005068,0.72,1.0,0.7499999999999996,0.02038264274597168
8,50,0.75,Partitioned,FIFO,Best-Fit Decreasing,226.79888331098914,23.711889326005068,0.72,1.0,0.7499999999999996,0.020621299743652344
8,50,0.75,Partitioned,FIFO,Worst-Fit Decreasing,111.39938741524567,23.711889326005068,0.96,1.0,0.7499999999999996,0.02053070068359375
8,50,0.75,Partitioned,FIFO,Round-Robin,113.51123555045392,23.711889326005068,0.92,1.0,0.7499999999999996,0.02033090591430664
8,50,0.75,Global,HEFT,,483.2519564162047,20.178821110186963,0.54,1.0,0.7499999999999997,0.02051258087158203
8,50,0.75,Partitioned,HEFT,First-Fit Decreasing,226.66592854306728,16.044706894843017,0.58,1.0,0.7500000000000001,0.019263267517089844
8,50,0.75,Partitioned,HEFT,Best-Fit Decreasing,226.66592854306728,16.044706894843017,0.58,1.0,0.7500000000000001,0.019336223602294922
8,50,0.75,Partitioned,HEFT,Worst-Fit Decreasing,110.73150116852767,16.044706894843017,0.86,1.0,0.7500000000000001,0.018815994262695312
8,50,0.75,Partitioned,HEFT,Round-Robin,111.13548138598011,16.044706894843017,0.82,1.0,0.7500000000000001,0.018790483474731445
8,50,0.75,Global,LDF,,568.3769369052716,32.63668957711863,0.74,1.0,0.7500000000000003,0.020505428314208984
8,50,0.75,Partitioned,LDF,First-Fit Decreasing,240.40682218302848,31.413255091835936,1.0,1.0,0.7499999999999997,0.020576953887939453
8,50,0.75,Partitioned,LDF,Best-Fit Decreasing,240.40682218302848,31.413255091835936,1.0,1.0,0.7499999999999997,0.020771265029907227
8,50,0.75,Partitioned,LDF,Worst-Fit Decreasing,118.27640226424211,31.413255091835936,1.0,1.0,0.7499999999999997,0.020510196685791016
8,50,0.75,Partitioned,LDF,Round-Robin,120.09294869854453,31.413255091835936,1.0,1.0,0.7499999999999997,0.02053666114807129
8,100,0.25,Global,FIFO,,166.6488692960859,4.477287014163054,0.89,1.0,0.25000000000000006,0.048369407653808594
8,100,0.25,Partitioned,FIFO,First-Fit Decreasing,71.90810704358529,4.2797500482874185,1.0,1.0,0.25000000000000017,0.04338526725769043
8,100,0.25,Partitioned,FIFO,Best-Fit Decreasing,71.90810704358529,4.2797500482874185,1.0,1.0,0.25000000000000017,0.043445587158203125
8,100,0.25,Partitioned,FIFO,Worst-Fit Decreasing,35.291431094745,4.2797500482874185,1.0,1.0,0.25000000000000017,0.04310178756713867
8,100,0.25,Partitioned,FIFO,Round-Robin,35.25044848687822,4.2797500482874185,1.0,1.0,0.25000000000000017,0.04276919364929199
8,100,0.25,Global,HEFT,,156.13564875816857,4.535394998785101,0.84,1.0,0.25000000000000006,0.05074739456176758
8,100,0.25,Partitioned,HEFT,First-Fit Decreasing,76.62491041048126,4.770931366952498,0.99,1.0,0.2500000000000001,0.05082225799560547
8,100,0.25,Partitioned,HEFT,Best-Fit Decreasing,76.62491041048126,4.770931366952498,0.99,1.0,0.2500000000000001,0.0511014461517334
8,100,0.25,Partitioned,HEFT,Worst-Fit Decreasing,37.8951933117805,4.770931366952498,1.0,1.0,0.2500000000000001,0.05034589767456055
8,100,0.25,Partitioned,HEFT,Round-Robin,37.653161598177576,4.770931366952498,1.0,1.0,0.2500000000000001,0.050275564193725586
8,100,0.25,Global,LDF,,173.40625343169904,4.592816674982239,1.0,1.0,0.25000000000000006,0.04837346076965332
8,100,0.25,Partitioned,LDF,First-Fit Decreasing,72.65010748367722,4.800570960034663,1.0,1.0,0.25000000000000006,0.044394493103027344
8,100,0.25,Partitioned,LDF,Best-Fit Decreasing,72.65010748367722,4.800570960034663,1.0,1.0,0.25000000000000006,0.04464149475097656
8,100,0.25,Partitioned,LDF,Worst-Fit Decreasing,35.24822852920831,4.800570960034663,1.0,1.0,0.25000000000000006,0.04439091682434082
8,100,0.25,Partitioned,LDF,Round-Robin,34.887723886265874,4.800570960034663,1.0,1.0,0.25000000000000006,0.07837557792663574
8,100,0.5,Global,FIFO,,359.4134618373526,11.508138375170251,0.65,1.0,0.49999999999999994,0.04690909385681152
8,100,0.5,Partitioned,FIFO,First-Fit Decreasing,140.01124234918842,12.049811552563062,0.93,1.0,0.5000000000000002,0.04266500473022461
8,100,0.5,Partitioned,FIFO,Best-Fit Decreasing,140.01124234918842,12.049811552563062,0.93,1.0,0.5000000000000002,0.043616533279418945
8,100,0.5,Partitioned,FIFO,Worst-Fit Decreasing,69.0346903603116,12.049811552563062,1.0,1.0,0.5000000000000002,0.04277944564819336
8,100,0.5,Partitioned,FIFO,Round-Robin,68.35781892502301,12.049811552563062,1.0,1.0,0.5000000000000002,0.04254555702209473
8,100,0.5,Global,HEFT,,349.86263975000367,10.21041928136094,0.57,1.0,0.5000000000000003,0.04572892189025879
8,100,0.5,Partitioned,HEFT,First-Fit Decreasing,153.59219349047896,8.22221565428349,0.85,1.0,0.5000000000000001,0.04301190376281738
8,100,0.5,Partitioned,HEFT,Best-Fit Decreasing,153.59219349047896,8.22221565428349,0.85,1.0,0.5000000000000001,0.04345130920410156
8,100,0.5,Partitioned,HEFT,Worst-Fit Decreasing,75.52502057857433,8.22221565428349,1.0,1.0,0.5000000000000001,0.043012380599975586
8,100,0.5,Partitioned,HEFT,Round-Robin,74.0470772373774,8.22221565428349,0.99,1.0,0.5000000000000001,0.04284811019897461
8,100,0.5,Global,LDF,,359.7188860941042,14.442058585458694,1.0,1.0,0.5000000000000001,0.05034351348876953
8,100,0.5,Partitioned,LDF,First-Fit Decreasing,124.47433137272382,11.654323277479053,1.0,1.0,0.5000000000000002,0.0430760383605957
8,100,0.5,Partitioned,LDF,Best-Fit Decreasing,124.47433137272382,11.654323277479053,1.0,1.0,0.5000000000000002,0.043674468994140625
8,100,0.5,Partitioned,LDF,Worst-Fit Decreasing,60.01159790765982,11.654323277479053,1.0,1.0,0.5000000000000002,0.04343223571777344
8,100,0.5,Partitioned,LDF,Round-Robin,60.385990973744676,11.654323277479053,1.0,1.0,0.5000000000000002,0.04293417930603027
8,100,0.75,Global,FIFO,,515.0850870020452,17.956266048931948,0.53,1.0,0.7500000000000004,0.04353618621826172
8,100,0.75,Partitioned,FIFO,First-Fit Decreasing,208.32761494130966,15.393845593432115,0.82,1.0,0.7500000000000002,0.04101371765136719
8,100,0.75,Partitioned,FIFO,Best-Fit Decreasing,208.32761494130966,15.393845593432115,0.82,1.0,0.7500000000000002,0.04146242141723633
8,100,0.75,Partitioned,FIFO,Worst-Fit Decreasing,98.57367905568053,15.393845593432115,1.0,1.0,0.7500000000000002,0.0410611629486084
8,100,0.75,Partitioned,FIFO,Round-Robin,97.78033725587095,15.393845593432115,0.99,1.0,0.7500000000000002,0.04100370407104492
8,100,0.75,Global,HEFT,,451.1851512053534,12.71973942539793,0.46,1.0,0.7500000000000002,0.049326181411743164
8,100,0.75,Partitioned,HEFT,First-Fit Decreasing,215.8749697725943,10.694195591540527,0.59,1.0,0.7500000000000001,0.04204130172729492
8,100,0.75,Partitioned,HEFT,Best-Fit Decreasing,215.8749697725943,10.694195591540527,0.59,1.0,0.7500000000000001,0.04226851463317871
8,100,0.75,Partitioned,HEFT,Worst-Fit Decreasing,104.16747184677381,10.694195591540527,0.87,1.0,0.7500000000000001,0.04197072982788086
8,100,0.75,Partitioned,HEFT,Round-Robin,103.3005928400024,10.694195591540527,0.87,1.0,0.7500000000000001,0.04231572151184082
8,100,0.75,Global,LDF,,526.3343009118151,24.151336519853253,0.75,1.0,0.7500000000000002,0.04793739318847656
8,100,0.75,Partitioned,LDF,First-Fit Decreasing,206.90613369639817,20.524908563684043,1.0,1.0,0.7500000000000007,0.042067766189575195
8,100,0.75,Partitioned,LDF,Best-Fit Decreasing,206.90613369639817,20.524908563684043,1.0,1.0,0.7500000000000007,0.042359352111816406
8,100,0.75,Partitioned,LDF,Worst-Fit Decreasing,100.50930798440432,20.524908563684043,1.0,1.0,0.7500000000000007,0.042086124420166016
8,100,0.75,Partitioned,LDF,Round-Robin,99.1877622243474,20.524908563684043,1.0,1.0,0.7500000000000007,0.04187321662902832
8,200,0.25,Global,FIFO,,158.81735214786642,3.6149007199556222,0.875,1.0,0.24999999999999997,0.13968205451965332
8,200,0.25,Partitioned,FIFO,First-Fit Decreasing,73.61617889881045,3.869762550441369,1.0,1.0,0.24999999999999992,0.08858489990234375
8,200,0.25,Partitioned,FIFO,Best-Fit Decreasing,73.61617889881045,3.869762550441369,1.0,1.0,0.24999999999999992,0.0890655517578125
8,200,0.25,Partitioned,FIFO,Worst-Fit Decreasing,34.972212492597514,3.869762550441369,1.0,1.0,0.24999999999999992,0.08812260627746582
8,200,0.25,Partitioned,FIFO,Round-Robin,34.6432884642101,3.869762550441369,1.0,1.0,0.24999999999999992,0.08780455589294434
8,200,0.25,Global,HEFT,,157.54621230442345,4.0575421246827,0.875,1.0,0.2499999999999999,0.14716625213623047
8,200,0.25,Partitioned,HEFT,First-Fit Decreasing,74.55718020461958,3.4833482073723223,0.99,1.0,0.24999999999999983,0.09401226043701172
8,200,0.25,Partitioned,HEFT,Best-Fit Decreasing,74.55718020461958,3.4833482073723223,0.99,1.0,0.24999999999999983,0.09562492370605469
8,200,0.25,Partitioned,HEFT,Worst-Fit Decreasing,36.1762422963434,3.4833482073723223,1.0,1.0,0.24999999999999983,0.09388041496276855
8,200,0.25,Partitioned,HEFT,Round-Robin,36.11455939409861,3.4833482073723223,1.0,1.0,0.24999999999999983,0.09369134902954102
8,200,0.25,Global,LDF,,195.41566933362992,4.699988971228873,1.0,1.0,0.25000000000000006,0.14772891998291016
8,200,0.25,Partitioned,LDF,First-Fit Decreasing,81.37573323187209,4.155456406021348,1.0,1.0,0.2500000000000001,0.09550929069519043
8,200,0.25,Partitioned,LDF,Best-Fit Decreasing,81.37573323187209,4.155456406021348,1.0,1.0,0.2500000000000001,0.09620785713195801
8,200,0.25,Partitioned,LDF,Worst-Fit Decreasing,38.76772652917587,4.155456406021348,1.0,1.0,0.2500000000000001,0.09509706497192383
8,200,0.25,Partitioned,LDF,Round-Robin,37.999974626873275,4.155456406021348,1.0,1.0,0.2500000000000001,0.09522390365600586
8,200,0.5,Global,FIFO,,357.2868235751979,8.890603828083918,0.705,1.0,0.4999999999999998,0.14769291877746582
8,200,0.5,Partitioned,FIFO,First-Fit Decreasing,127.01852371969849,7.076372285842966,0.945,1.0,0.5000000000000006,0.09345865249633789
8,200,0.5,Partitioned,FIFO,Best-Fit Decreasing,127.01852371969849,7.076372285842966,0.945,1.0,0.5000000000000006,0.09416508674621582
8,200,0.5,Partitioned,FIFO,Worst-Fit Decreasing,61.62785731860742,7.076372285842966,1.0,1.0,0.5000000000000006,0.09262514114379883
8,200,0.5,Partitioned,FIFO,Round-Robin,61.46822584423512,7.076372285842966,1.0,1.0,0.5000000000000006,0.09279394149780273
8,200,0.5,Global,HEFT,,276.188527309443,6.5887900725542705,0.66,1.0,0.49999999999999983,0.14023113250732422
8,200,0.5,Partitioned,HEFT,First-Fit Decreasing,149.48199247633977,7.719896935821442,0.885,1.0,0.5000000000000002,0.0941159725189209
8,200,0.5,Partitioned,HEFT,Best-Fit Decreasing,149.48199247633977,7.719896935821442,0.885,1.0,0.5000000000000002,0.09498095512390137
8,200,0.5,Partitioned,HEFT,Worst-Fit Decreasing,73.3922511463198,7.719896935821442,0.995,1.0,0.5000000000000002,0.0936436653137207
8,200,0.5,Partitioned,HEFT,Round-Robin,73.0317680011167,7.719896935821442,0.995,1.0,0.5000000000000002,0.09366178512573242
8,200,0.5,Global,LDF,,365.5139862552369,9.148080067906426,1.0,1.0,0.5000000000000002,0.14349079132080078
8,200,0.5,Partitioned,LDF,First-Fit Decreasing,152.83503774629216,9.360559267245746,1.0,1.0,0.5000000000000002,0.10019159317016602
8,200,0.5,Partitioned,LDF,Best-Fit Decreasing,152.83503774629216,9.360559267245746,1.0,1.0,0.5000000000000002,0.10016465187072754
8,200,0.5,Partitioned,LDF,Worst-Fit Decreasing,74.3001382881916,9.360559267245746,1.0,1.0,0.5000000000000002,0.0992434024810791
8,200,0.5,Partitioned,LDF,Round-Robin,73.82807254326485,9.360559267245746,1.0,1.0,0.5000000000000002,0.09886789321899414
8,200,0.75,Global,FIFO,,501.51092197647534,14.95889078641241,0.445,1.0,0.7500000000000002,0.14461803436279297
8,200,0.75,Partitioned,FIFO,First-Fit Decreasing,229.6199118552322,14.821384363923341,0.835,1.0,0.7499999999999994,0.09360647201538086
8,200,0.75,Partitioned,FIFO,Best-Fit Decreasing,229.6199118552322,14.821384363923341,0.835,1.0,0.7499999999999994,0.09336638450622559
8,200,0.75,Partitioned,FIFO,Worst-Fit Decreasing,112.89504292674992,14.821384363923341,0.955,1.0,0.7499999999999994,0.09231257438659668
8,200,0.75,Partitioned,FIFO,Round-Robin,112.32026109833049,14.821384363923341,0.95,1.0,0.7499999999999994,0.09228730201721191
8,200,0.75,Global,HEFT,,421.6014727608246,10.880032437442024,0.48,1.0,0.7500000000000003,0.1429893970489502
8,200,0.75,Partitioned,HEFT,First-Fit Decreasing,245.51212258931207,12.816264404391907,0.715,1.0,0.7499999999999992,0.09184503555297852
8,200,0.75,Partitioned,HEFT,Best-Fit Decreasing,245.51212258931207,12.816264404391907,0.715,1.0,0.7499999999999992,0.09230518341064453
8,200,0.75,Partitioned,HEFT,Worst-Fit Decreasing,118.42428650698261,12.816264404391907,0.92,1.0,0.7499999999999992,0.09120440483093262
8,200,0.75,Partitioned,HEFT,Round-Robin,117.41502307586404,12.816264404391907,0.905,1.0,0.7499999999999992,0.09120368957519531
8,200,0.75,Global,LDF,,530.4492193486906,17.987750891992565,0.76,1.0,0.7500000000000002,0.14350104331970215
8,200,0.75,Partitioned,LDF,First-Fit Decreasing,239.4043901949336,20.589444152846504,1.0,1.0,0.7500000000000001,0.09286141395568848
8,200,0.75,Partitioned,LDF,Best-Fit Decreasing,239.4043901949336,20.589444152846504,1.0,1.0,0.7500000000000001,0.09363222122192383
8,200,0.75,Partitioned,LDF,Worst-Fit Decreasing,115.81372386841507,20.589444152846504,1.0,1.0,0.7500000000000001,0.09264755249023438
8,200,0.75,Partitioned,LDF,Round-Robin,114.72579281264233,20.589444152846504,1.0,1.0,0.7500000000000001,0.09228849411010742
8,400,0.25,Global,FIFO,,169.2501162277999,3.6808905764620388,0.9075,1.0,0.25000000000000006,0.5956254005432129
8,400,0.25,Partitioned,FIFO,First-Fit Decreasing,71.50302641954849,3.7055262072953736,0.995,1.0,0.25000000000000044,0.20627856254577637
8,400,0.25,Partitioned,FIFO,Best-Fit Decreasing,71.50302641954849,3.7055262072953736,0.995,1.0,0.25000000000000044,0.2074604034423828
8,400,0.25,Partitioned,FIFO,Worst-Fit Decreasing,34.454940933361016,3.7055262072953736,1.0,1.0,0.25000000000000044,0.20365667343139648
8,400,0.25,Partitioned,FIFO,Round-Robin,34.43049337063287,3.7055262072953736,1.0,1.0,0.25000000000000044,0.2030787467956543
8,400,0.25,Global,HEFT,,150.65264138892493,3.6182966852716767,0.86,1.0,0.25000000000000006,0.6334123611450195
8,400,0.25,Partitioned,HEFT,First-Fit Decreasing,73.78334317007244,3.2406343024790636,0.995,1.0,0.2500000000000001,0.20737314224243164
8,400,0.25,Partitioned,HEFT,Best-Fit Decreasing,73.78334317007244,3.2406343024790636,0.995,1.0,0.2500000000000001,0.20849871635437012
8,400,0.25,Partitioned,HEFT,Worst-Fit Decreasing,36.00714759278162,3.2406343024790636,1.0,1.0,0.2500000000000001,0.2048802375793457
8,400,0.25,Partitioned,HEFT,Round-Robin,35.81693279446543,3.2406343024790636,1.0,1.0,0.2500000000000001,0.20500636100769043
8,400,0.25,Global,LDF,,184.06734276891257,3.7986202132460303,1.0,1.0,0.25,0.6290545463562012
8,400,0.25,Partitioned,LDF,First-Fit Decreasing,79.3919562741957,3.9950732277962855,1.0,1.0,0.24999999999999986,0.20934128761291504
8,400,0.25,Partitioned,LDF,Best-Fit Decreasing,79.3919562741957,3.9950732277962855,1.0,1.0,0.24999999999999986,0.21027374267578125
8,400,0.25,Partitioned,LDF,Worst-Fit Decreasing,38.12288271956411,3.9950732277962855,1.0,1.0,0.24999999999999986,0.20754766464233398
8,400,0.25,Partitioned,LDF,Round-Robin,37.79801404784677,3.9950732277962855,1.0,1.0,0.24999999999999986,0.20671606063842773
8,400,0.5,Global,FIFO,,323.8754359671392,7.307838337424896,0.67,1.0,0.5000000000000004,0.5896880626678467
8,400,0.5,Partitioned,FIFO,First-Fit Decreasing,149.52533217339516,7.452444252027442,0.8975,1.0,0.5000000000000001,0.20036053657531738
8,400,0.5,Partitioned,FIFO,Best-Fit Decreasing,149.52533217339516,7.452444252027442,0.8975,1.0,0.5000000000000001,0.20198869705200195
8,400,0.5,Partitioned,FIFO,Worst-Fit Decreasing,71.76028285881615,7.452444252027442,1.0,1.0,0.5000000000000001,0.19719290733337402
8,400,0.5,Partitioned,FIFO,Round-Robin,71.39051325110536,7.452444252027442,1.0,1.0,0.5000000000000001,0.19675874710083008
8,400,0.5,Global,HEFT,,287.75012004297906,6.326658035087351,0.685,1.0,0.5,0.6217730045318604
8,400,0.5,Partitioned,HEFT,First-Fit Decreasing,148.8644454941721,6.5075748550852355,0.9,1.0,0.5000000000000003,0.20830011367797852
8,400,0.5,Partitioned,HEFT,Best-Fit Decreasing,148.8644454941721,6.5075748550852355,0.9,1.0,0.5000000000000003,0.21096158027648926
8,400,0.5,Partitioned,HEFT,Worst-Fit Decreasing,72.75853883423032,6.5075748550852355,0.9925,1.0,0.5000000000000003,0.20635080337524414
8,400,0.5,Partitioned,HEFT,Round-Robin,71.96144416501679,6.5075748550852355,0.9975,1.0,0.5000000000000003,0.20563817024230957
8,400,0.5,Global,LDF,,361.31867395140665,7.816659876964609,1.0,1.0,0.5000000000000003,0.6345601081848145
8,400,0.5,Partitioned,LDF,First-Fit Decreasing,150.12850168315697,7.7881013149600555,1.0,1.0,0.4999999999999997,0.21460223197937012
8,400,0.5,Partitioned,LDF,Best-Fit Decreasing,150.12850168315697,7.7881013149600555,1.0,1.0,0.4999999999999997,0.21671295166015625
8,400,0.5,Partitioned,LDF,Worst-Fit Decreasing,73.62731329763676,7.7881013149600555,1.0,1.0,0.4999999999999997,0.2125089168548584
8,400,0.5,Partitioned,LDF,Round-Robin,72.96192740696225,7.7881013149600555,1.0,1.0,0.4999999999999997,0.21214866638183594
8,400,0.75,Global,FIFO,,497.0702994347562,11.355090401911035,0.475,1.0,0.7500000000000002,0.592484712600708
8,400,0.75,Partitioned,FIFO,First-Fit Decreasing,209.16423906643692,10.939184729891345,0.8425,1.0,0.75,0.2070474624633789
8,400,0.75,Partitioned,FIFO,Best-Fit Decreasing,209.16423906643692,10.939184729891345,0.8425,1.0,0.75,0.20777678489685059
8,400,0.75,Partitioned,FIFO,Worst-Fit Decreasing,102.06207691429967,10.939184729891345,0.9875,1.0,0.75,0.20413494110107422
8,400,0.75,Partitioned,FIFO,Round-Robin,101.44030269634939,10.939184729891345,0.985,1.0,0.75,0.20351362228393555
8,400,0.75,Global,HEFT,,449.3867728798804,10.499393311321999,0.515,1.0,0.7499999999999998,0.6259791851043701
8,400,0.75,Partitioned,HEFT,First-Fit Decreasing,226.50981991246277,10.456906111275075,0.7375,1.0,0.7499999999999993,0.2498490810394287
8,400,0.75,Partitioned,HEFT,Best-Fit Decreasing,226.50981991246277,10.456906111275075,0.7375,1.0,0.7499999999999993,0.20842695236206055
8,400,0.75,Partitioned,HEFT,Worst-Fit Decreasing,109.82086890731468,10.456906111275075,0.9275,1.0,0.7499999999999993,0.20460009574890137
8,400,0.75,Partitioned,HEFT,Round-Robin,109.5051792890516,10.456906111275075,0.9225,1.0,0.7499999999999993,0.20518136024475098
8,400,0.75,Global,LDF,,558.6776188211988,11.799915967001931,0.745,1.0,0.7500000000000007,0.6303551197052002
8,400,0.75,Partitioned,LDF,First-Fit Decreasing,226.3125602960887,11.663569321703854,1.0,1.0,0.7499999999999998,0.20875072479248047
8,400,0.75,Partitioned,LDF,Best-Fit Decreasing,226.3125602960887,11.663569321703854,1.0,1.0,0.7499999999999998,0.21020913124084473
8,400,0.75,Partitioned,LDF,Worst-Fit Decreasing,110.2075116418409,11.663569321703854,1.0,1.0,0.7499999999999998,0.2067265510559082
8,400,0.75,Partitioned,LDF,Round-Robin,110.03957196208033,11.663569321703854,1.0,1.0,0.7499999999999998,0.20674419403076172
8,600,0.25,Global,FIFO,,172.07201172194655,3.4276988609079537,0.8666666666666667,1.0,0.24999999999999997,1.6355924606323242
8,600,0.25,Partitioned,FIFO,First-Fit Decreasing,72.42622337935536,3.497794222201936,1.0,1.0,0.24999999999999992,0.3336448669433594
8,600,0.25,Partitioned,FIFO,Best-Fit Decreasing,72.42622337935536,3.497794222201936,1.0,1.0,0.24999999999999992,0.33688902854919434
8,600,0.25,Partitioned,FIFO,Worst-Fit Decreasing,35.068999303562514,3.497794222201936,1.0,1.0,0.24999999999999992,0.3289475440979004
8,600,0.25,Partitioned,FIFO,Round-Robin,35.04435100359218,3.497794222201936,1.0,1.0,0.24999999999999992,0.3297457695007324
8,600,0.25,Global,HEFT,,152.76632184875163,3.306798567398912,0.88,1.0,0.2499999999999999,1.7833409309387207
8,600,0.25,Partitioned,HEFT,First-Fit Decreasing,76.48577577707641,3.366202980736297,0.9933333333333333,1.0,0.24999999999999964,0.34093356132507324
8,600,0.25,Partitioned,HEFT,Best-Fit Decreasing,76.48577577707641,3.366202980736297,0.9933333333333333,1.0,0.24999999999999964,0.341752290725708
8,600,0.25,Partitioned,HEFT,Worst-Fit Decreasing,37.15785936130496,3.366202980736297,1.0,1.0,0.24999999999999964,0.3337411880493164
8,600,0.25,Partitioned,HEFT,Round-Robin,36.902482718245786,3.366202980736297,1.0,1.0,0.24999999999999964,0.33371710777282715
8,600,0.25,Global,LDF,,176.96260686436943,3.4353881519579423,1.0,1.0,0.24999999999999986,1.7759826183319092
8,600,0.25,Partitioned,LDF,First-Fit Decreasing,80.16160576676961,3.8709115657414257,1.0,1.0,0.24999999999999986,0.3465254306793213
8,600,0.25,Partitioned,LDF,Best-Fit Decreasing,80.16160576676961,3.8709115657414257,1.0,1.0,0.24999999999999986,0.34786510467529297
8,600,0.25,Partitioned,LDF,Worst-Fit Decreasing,39.15408114620672,3.8709115657414257,1.0,1.0,0.24999999999999986,0.3411831855773926
8,600,0.25,Partitioned,LDF,Round-Robin,38.84527529194293,3.8709115657414257,1.0,1.0,0.24999999999999986,0.3406975269317627
8,600,0.5,Global,FIFO,,349.2692360332534,7.77197445352238,0.705,1.0,0.49999999999999933,1.6402287483215332
8,600,0.5,Partitioned,FIFO,First-Fit Decreasing,149.45216863043854,7.54575295289865,0.9,1.0,0.49999999999999944,0.34171199798583984
8,600,0.5,Partitioned,FIFO,Best-Fit Decreasing,149.45216863043854,7.54575295289865,0.9,1.0,0.49999999999999944,0.34288763999938965
8,600,0.5,Partitioned,FIFO,Worst-Fit Decreasing,72.88389390977565,7.54575295289865,1.0,1.0,0.49999999999999944,0.3354361057281494
8,600,0.5,Partitioned,FIFO,Round-Robin,72.58610411765423,7.54575295289865,0.9983333333333333,1.0,0.49999999999999944,0.33458876609802246
8,600,0.5,Global,HEFT,,297.7609841731105,6.683277933001398,0.6616666666666666,1.0,0.4999999999999998,1.775282621383667
8,600,0.5,Partitioned,HEFT,First-Fit Decreasing,158.82489798834285,7.169567155475819,0.855,1.0,0.5000000000000002,0.34389305114746094
8,600,0.5,Partitioned,HEFT,Best-Fit Decreasing,158.82489798834285,7.169567155475819,0.855,1.0,0.5000000000000002,0.3465592861175537
8,600,0.5,Partitioned,HEFT,Worst-Fit Decreasing,77.0123705157865,7.169567155475819,0.9866666666666667,1.0,0.5000000000000002,0.338364839553833
8,600,0.5,Partitioned,HEFT,Round-Robin,76.57312733596716,7.169567155475819,0.9916666666666667,1.0,0.5000000000000002,0.33762335777282715
8,600,0.5,Global,LDF,,363.05703016730104,7.844297433533053,1.0,1.0,0.4999999999999997,1.7958955764770508
8,600,0.5,Partitioned,LDF,First-Fit Decreasing,153.48242178725124,7.880678856133242,1.0,1.0,0.4999999999999999,0.3422243595123291
8,600,0.5,Partitioned,LDF,Best-Fit Decreasing,153.48242178725124,7.880678856133242,1.0,1.0,0.4999999999999999,0.34309864044189453
8,600,0.5,Partitioned,LDF,Worst-Fit Decreasing,74.48639340091273,7.880678856133242,1.0,1.0,0.4999999999999999,0.3371620178222656
8,600,0.5,Partitioned,LDF,Round-Robin,73.74734304432924,7.880678856133242,1.0,1.0,0.4999999999999999,0.33601903915405273
8,600,0.75,Global,FIFO,,503.075458140153,11.392419578905443,0.47,1.0,0.7499999999999993,1.650820016860962
8,600,0.75,Partitioned,FIFO,First-Fit Decreasing,222.15843646152965,11.27162897363662,0.7866666666666666,1.0,0.7500000000000007,0.34455013275146484
8,600,0.75,Partitioned,FIFO,Best-Fit Decreasing,222.15843646152965,11.27162897363662,0.7866666666666666,1.0,0.7500000000000007,0.3464071750640869
8,600,0.75,Partitioned,FIFO,Worst-Fit Decreasing,106.95677236955035,11.27162897363662,0.955,1.0,0.7500000000000007,0.3399314880371094
8,600,0.75,Partitioned,FIFO,Round-Robin,106.90924227762501,11.27162897363662,0.9516666666666667,1.0,0.7500000000000007,0.3388547897338867
8,600,0.75,Global,HEFT,,445.70577271054594,10.413486478884462,0.5616666666666666,1.0,0.7500000000000001,1.7963109016418457
8,600,0.75,Partitioned,HEFT,First-Fit Decreasing,228.77264979164804,9.917674572151649,0.7633333333333333,1.0,0.7500000000000002,0.3369755744934082
8,600,0.75,Partitioned,HEFT,Best-Fit Decreasing,228.77264979164804,9.917674572151649,0.7633333333333333,1.0,0.7500000000000002,0.3368399143218994
8,600,0.75,Partitioned,HEFT,Worst-Fit Decreasing,110.75590180073074,9.917674572151649,0.9483333333333334,1.0,0.7500000000000002,0.33006811141967773
8,600,0.75,Partitioned,HEFT,Round-Robin,109.20467180092206,9.917674572151649,0.9483333333333334,1.0,0.7500000000000002,0.3297443389892578
8,600,0.75,Global,LDF,,518.330505249403,9.963477000636415,0.77,1.0,0.7500000000000003,1.771958827972412
8,600,0.75,Partitioned,LDF,First-Fit Decreasing,225.99371086538255,10.823659093088944,1.0,1.0,0.7499999999999994,0.3423807621002197
8,600,0.75,Partitioned,LDF,Best-Fit Decreasing,225.99371086538255,10.823659093088944,1.0,1.0,0.7499999999999994,0.3436620235443115
8,600,0.75,Partitioned,LDF,Worst-Fit Decreasing,109.10714084899469,10.823659093088944,1.0,1.0,0.7499999999999994,0.3365144729614258
8,600,0.75,Partitioned,LDF,Round-Robin,108.84236650537576,10.823659093088944,1.0,1.0,0.7499999999999994,0.3363182544708252
16,10,0.25,Global,FIFO,,155.66888083788766,15.943888247518647,0.8,1.0,0.24999999999999994,0.003784656524658203
16,10,0.25,Partitioned,FIFO,First-Fit Decreasing,55.109753589612396,14.359487309466207,1.0,1.0,0.25,0.003387451171875
16,10,0.25,Partitioned,FIFO,Best-Fit Decreasing,55.109753589612396,14.359487309466207,1.0,1.0,0.25,0.0034160614013671875
16,10,0.25,Partitioned,FIFO,Worst-Fit Decreasing,17.15559422908477,14.359487309466207,1.0,1.0,0.25,0.0033354759216308594
16,10,0.25,Partitioned,FIFO,Round-Robin,15.64017130930334,14.359487309466207,1.0,1.0,0.25,0.0032911300659179688
16,10,0.25,Global,HEFT,,165.10592069080772,16.272866363644347,0.6,1.0,0.25000000000000006,0.0039288997650146484
16,10,0.25,Partitioned,HEFT,First-Fit Decreasing,66.37422524799683,12.491333245580254,1.0,1.0,0.24999999999999992,0.003892183303833008
16,10,0.25,Partitioned,HEFT,Best-Fit Decreasing,66.37422524799683,12.491333245580254,1.0,1.0,0.24999999999999992,0.00392603874206543
16,10,0.25,Partitioned,HEFT,Worst-Fit Decreasing,17.207358468946406,12.491333245580254,1.0,1.0,0.24999999999999992,0.0038614273071289062
16,10,0.25,Partitioned,HEFT,Round-Robin,17.787917275574337,12.491333245580254,1.0,1.0,0.24999999999999992,0.003821134567260742
16,10,0.25,Global,LDF,,164.19126744596136,20.36162313062329,1.0,1.0,0.25000000000000006,0.0037298202514648438
16,10,0.25,Partitioned,LDF,First-Fit Decreasing,86.24380878622271,19.255884879515634,1.0,1.0,0.24999999999999992,0.00414729118347168
16,10,0.25,Partitioned,LDF,Best-Fit Decreasing,86.24380878622271,19.255884879515634,1.0,1.0,0.24999999999999992,0.0042536258697509766
16,10,0.25,Partitioned,LDF,Worst-Fit Decreasing,24.340261515128248,19.255884879515634,1.0,1.0,0.24999999999999992,0.004216194152832031
16,10,0.25,Partitioned,LDF,Round-Robin,21.04567500846827,19.255884879515634,1.0,1.0,0.24999999999999992,0.004156351089477539
16,10,0.5,Global,FIFO,,260.00549932424934,22.924141908051993,0.6,1.0,0.5,0.0033721923828125
16,10,0.5,Partitioned,FIFO,First-Fit Decreasing,132.18944573378292,35.54718312412905,1.0,1.0,0.49999999999999994,0.0036504268646240234
16,10,0.5,Partitioned,FIFO,Best-Fit Decreasing,132.18944573378292,35.54718312412905,1.0,1.0,0.49999999999999994,0.003699064254760742
16,10,0.5,Partitioned,FIFO,Worst-Fit Decreasing,42.53409797515476,35.54718312412905,1.0,1.0,0.49999999999999994,0.0036623477935791016
16,10,0.5,Partitioned,FIFO,Round-Robin,38.76872083126061,35.54718312412905,1.0,1.0,0.49999999999999994,0.0036203861236572266
16,10,0.5,Global,HEFT,,184.1553601454764,19.843834082419164,0.6,1.0,0.5000000000000001,0.00391840934753418
16,10,0.5,Partitioned,HEFT,First-Fit Decreasing,140.11613738290913,23.65800978630294,0.6,1.0,0.5,0.004449605941772461
16,10,0.5,Partitioned,HEFT,Best-Fit Decreasing,140.11613738290913,23.65800978630294,0.6,1.0,0.5,0.004315376281738281
16,10,0.5,Partitioned,HEFT,Worst-Fit Decreasing,38.22457847939722,23.65800978630294,1.0,1.0,0.5,0.004250764846801758
16,10,0.5,Partitioned,HEFT,Round-Robin,37.8456265329991,23.65800978630294,1.0,1.0,0.5,0.004220247268676758
16,10,0.5,Global,LDF,,403.7223544065028,34.095323588854136,1.0,1.0,0.49999999999999994,0.003690958023071289
16,10,0.5,Partitioned,LDF,First-Fit Decreasing,204.92980320937886,44.6792912827827,1.0,1.0,0.49999999999999994,0.003718137741088867
16,10,0.5,Partitioned,LDF,Best-Fit Decreasing,204.92980320937886,44.6792912827827,1.0,1.0,0.49999999999999994,0.0038094520568847656
16,10,0.5,Partitioned,LDF,Worst-Fit Decreasing,51.14214786202035,44.6792912827827,1.0,1.0,0.49999999999999994,0.0037262439727783203
16,10,0.5,Partitioned,LDF,Round-Robin,51.75100637415569,44.6792912827827,1.0,1.0,0.49999999999999994,0.0037147998809814453
16,10,0.75,Global,FIFO,,521.0056398001205,60.31087158991562,0.6,1.0,0.75,0.0031566619873046875
16,10,0.75,Partitioned,FIFO,First-Fit Decreasing,242.51473454715125,50.67333382923373,0.7,1.0,0.7499999999999998,0.004795551300048828
16,10,0.75,Partitioned,FIFO,Best-Fit Decreasing,242.51473454715125,50.67333382923373,0.7,1.0,0.7499999999999998,0.004708766937255859
16,10,0.75,Partitioned,FIFO,Worst-Fit Decreasing,72.00910068059478,50.67333382923373,1.0,1.0,0.7499999999999998,0.004735469818115234
16,10,0.75,Partitioned,FIFO,Round-Robin,69.73797285166908,50.67333382923373,1.0,1.0,0.7499999999999998,0.0045642852783203125
16,10,0.75,Global,HEFT,,242.8198717606786,26.669046888731526,0.4,1.0,0.7499999999999998,0.0043718814849853516
16,10,0.75,Partitioned,HEFT,First-Fit Decreasing,238.05338414894177,46.32784958714775,0.6,1.0,0.7499999999999999,0.0038547515869140625
16,10,0.75,Partitioned,HEFT,Best-Fit Decreasing,238.05338414894177,46.32784958714775,0.6,1.0,0.7499999999999999,0.003924846649169922
16,10,0.75,Partitioned,HEFT,Worst-Fit Decreasing,68.78525021225447,46.32784958714775,1.0,1.0,0.7499999999999999,0.003811359405517578
16,10,0.75,Partitioned,HEFT,Round-Robin,65.82568908183063,46.32784958714775,1.0,1.0,0.7499999999999999,0.003876209259033203
16,10,0.75,Global,LDF,,669.3291533293175,78.39593101423176,0.8,1.0,0.75,0.0037970542907714844
16,10,0.75,Partitioned,LDF,First-Fit Decreasing,304.64600137369246,64.50875957040051,1.0,1.0,0.7500000000000001,0.0037453174591064453
16,10,0.75,Partitioned,LDF,Best-Fit Decreasing,304.64600137369246,64.50875957040051,1.0,1.0,0.7500000000000001,0.0038025379180908203
16,10,0.75,Partitioned,LDF,Worst-Fit Decreasing,86.75402772609672,64.50875957040051,1.0,1.0,0.7500000000000001,0.0037403106689453125
16,10,0.75,Partitioned,LDF,Round-Robin,76.28380840836267,64.50875957040051,1.0,1.0,0.7500000000000001,0.003709554672241211
16,50,0.25,Global,FIFO,,182.01201956176422,5.8409273699575435,0.96,1.0,0.25000000000000006,0.02259516716003418
16,50,0.25,Partitioned,FIFO,First-Fit Decreasing,77.13972499358165,5.933101806557443,1.0,1.0,0.24999999999999997,0.023548364639282227
16,50,0.25,Partitioned,FIFO,Best-Fit Decreasing,77.13972499358165,5.933101806557443,1.0,1.0,0.24999999999999997,0.023959636688232422
16,50,0.25,Partitioned,FIFO,Worst-Fit Decreasing,18.8654593147363,5.933101806557443,1.0,1.0,0.24999999999999997,0.02342510223388672
16,50,0.25,Partitioned,FIFO,Round-Robin,18.593610772774475,5.933101806557443,1.0,1.0,0.24999999999999997,0.023420095443725586
16,50,0.25,Global,HEFT,,155.44977663185134,6.150870791500234,0.76,1.0,0.24999999999999994,0.02446722984313965
16,50,0.25,Partitioned,HEFT,First-Fit Decreasing,60.49322508319834,3.5931961163914194,1.0,1.0,0.2500000000000001,0.01833033561706543
16,50,0.25,Partitioned,HEFT,Best-Fit Decreasing,60.49322508319834,3.5931961163914194,1.0,1.0,0.2500000000000001,0.018604040145874023
16,50,0.25,Partitioned,HEFT,Worst-Fit Decreasing,14.460618270986236,3.5931961163914194,1.0,1.0,0.2500000000000001,0.01830744743347168
16,50,0.25,Partitioned,HEFT,Round-Robin,14.371274728574909,3.5931961163914194,1.0,1.0,0.2500000000000001,0.018069982528686523
16,50,0.25,Global,LDF,,176.65811900624539,4.6791778789019025,1.0,1.0,0.2500000000000001,0.021555185317993164
16,50,0.25,Partitioned,LDF,First-Fit Decreasing,87.73460364644232,6.672581622357826,1.0,1.0,0.25,0.02182912826538086
16,50,0.25,Partitioned,LDF,Best-Fit Decreasing,87.73460364644232,6.672581622357826,1.0,1.0,0.25,0.022181987762451172
16,50,0.25,Partitioned,LDF,Worst-Fit Decreasing,21.95689555841381,6.672581622357826,1.0,1.0,0.25,0.02191925048828125
16,50,0.25,Partitioned,LDF,Round-Robin,21.4181259486427,6.672581622357826,1.0,1.0,0.25,0.021692514419555664
16,50,0.5,Global,FIFO,,373.28701554947895,15.067233564479597,0.7,1.0,0.5,0.02145838737487793
16,50,0.5,Partitioned,FIFO,First-Fit Decreasing,144.40523418269325,13.111427712037578,0.92,1.0,0.5000000000000001,0.01990818977355957
16,50,0.5,Partitioned,FIFO,Best-Fit Decreasing,144.40523418269325,13.111427712037578,0.92,1.0,0.5000000000000001,0.020284175872802734
16,50,0.5,Partitioned,FIFO,Worst-Fit Decreasing,36.799870313961335,13.111427712037578,1.0,1.0,0.5000000000000001,0.019852161407470703
16,50,0.5,Partitioned,FIFO,Round-Robin,34.793449650027405,13.111427712037578,1.0,1.0,0.5000000000000001,0.019954919815063477
16,50,0.5,Global,HEFT,,248.3525755971657,8.020906519035119,0.52,1.0,0.5000000000000001,0.018819808959960938
16,50,0.5,Partitioned,HEFT,First-Fit Decreasing,152.20276194896627,9.156686074846528,0.74,1.0,0.5,0.020086050033569336
16,50,0.5,Partitioned,HEFT,Best-Fit Decreasing,152.20276194896627,9.156686074846528,0.74,1.0,0.5,0.020340919494628906
16,50,0.5,Partitioned,HEFT,Worst-Fit Decreasing,38.08001142430493,9.156686074846528,1.0,1.0,0.5,0.020096540451049805
16,50,0.5,Partitioned,HEFT,Round-Robin,36.53428043393349,9.156686074846528,1.0,1.0,0.5,0.01991868019104004
16,50,0.5,Global,LDF,,341.53660590152134,15.311293746097762,1.0,1.0,0.5,0.021381616592407227
16,50,0.5,Partitioned,LDF,First-Fit Decreasing,126.95991978765913,13.178903333429593,1.0,1.0,0.49999999999999967,0.021314144134521484
16,50,0.5,Partitioned,LDF,Best-Fit Decreasing,126.95991978765913,13.178903333429593,1.0,1.0,0.49999999999999967,0.021587371826171875
16,50,0.5,Partitioned,LDF,Worst-Fit Decreasing,30.17690312854586,13.178903333429593,1.0,1.0,0.49999999999999967,0.021195173263549805
16,50,0.5,Partitioned,LDF,Round-Robin,30.531081437709336,13.178903333429593,1.0,1.0,0.49999999999999967,0.021160364151000977
16,50,0.75,Global,FIFO,,438.5215356769918,20.627580222827984,0.5,1.0,0.7500000000000002,0.020769357681274414
16,50,0.75,Partitioned,FIFO,First-Fit Decreasing,219.64251975814906,19.32173361686197,0.82,1.0,0.7499999999999998,0.020459651947021484
16,50,0.75,Partitioned,FIFO,Best-Fit Decreasing,219.64251975814906,19.32173361686197,0.82,1.0,0.7499999999999998,0.02072739601135254
16,50,0.75,Partitioned,FIFO,Worst-Fit Decreasing,54.8043280660652,19.32173361686197,1.0,1.0,0.7499999999999998,0.02042984962463379
16,50,0.75,Partitioned,FIFO,Round-Robin,51.301961655702534,19.32173361686197,1.0,1.0,0.7499999999999998,0.020369768142700195
16,50,0.75,Global,HEFT,,433.98557993791275,14.745248684100881,0.46,1.0,0.7499999999999997,0.020163774490356445
16,50,0.75,Partitioned,HEFT,First-Fit Decreasing,216.75900915821387,14.897589867103397,0.54,1.0,0.7500000000000002,0.019878387451171875
16,50,0.75,Partitioned,HEFT,Best-Fit Decreasing,216.75900915821387,14.897589867103397,0.54,1.0,0.7500000000000002,0.02020549774169922
16,50,0.75,Partitioned,HEFT,Worst-Fit Decreasing,50.814967481027765,14.897589867103397,0.98,1.0,0.7500000000000002,0.01975417137145996
16,50,0.75,Partitioned,HEFT,Round-Robin,52.50262108083447,14.897589867103397,1.0,1.0,0.7500000000000002,0.019677162170410156
16,50,0.75,Global,LDF,,573.6465638343864,29.567226394794574,0.74,1.0,0.7500000000000001,0.020935535430908203
16,50,0.75,Partitioned,LDF,First-Fit Decreasing,271.4167961654459,30.470042023386203,1.0,1.0,0.7500000000000001,0.01959538459777832
16,50,0.75,Partitioned,LDF,Best-Fit Decreasing,271.4167961654459,30.470042023386203,1.0,1.0,0.7500000000000001,0.0198361873626709
16,50,0.75,Partitioned,LDF,Worst-Fit Decreasing,68.44981662543245,30.470042023386203,1.0,1.0,0.7500000000000001,0.019374847412109375
16,50,0.75,Partitioned,LDF,Round-Robin,67.16134607716734,30.470042023386203,1.0,1.0,0.7500000000000001,0.01941514015197754
16,100,0.25,Global,FIFO,,197.19006714950476,5.530661618482725,0.87,1.0,0.24999999999999997,0.053194522857666016
16,100,0.25,Partitioned,FIFO,First-Fit Decreasing,80.77126045548907,4.565686650141742,0.99,1.0,0.25000000000000017,0.04372763633728027
16,100,0.25,Partitioned,FIFO,Best-Fit Decreasing,80.77126045548907,4.565686650141742,0.99,1.0,0.25000000000000017,0.04456925392150879
16,100,0.25,Partitioned,FIFO,Worst-Fit Decreasing,19.32684812045599,4.565686650141742,1.0,1.0,0.25000000000000017,0.04370903968811035
16,100,0.25,Partitioned,FIFO,Round-Robin,18.83915051290412,4.565686650141742,1.0,1.0,0.25000000000000017,0.043785810470581055
16,100,0.25,Global,HEFT,,154.34294141102188,4.740323237194217,0.88,1.0,0.25000000000000006,0.05244588851928711
16,100,0.25,Partitioned,HEFT,First-Fit Decreasing,78.03791477645628,3.4312583170124515,0.99,1.0,0.24999999999999997,0.03954267501831055
16,100,0.25,Partitioned,HEFT,Best-Fit Decreasing,78.03791477645628,3.4312583170124515,0.99,1.0,0.24999999999999997,0.04022836685180664
16,100,0.25,Partitioned,HEFT,Worst-Fit Decreasing,19.017558610613076,3.4312583170124515,1.0,1.0,0.24999999999999997,0.03944063186645508
16,100,0.25,Partitioned,HEFT,Round-Robin,18.486236173619368,3.4312583170124515,1.0,1.0,0.24999999999999997,0.03915548324584961
16,100,0.25,Global,LDF,,169.30397852527076,4.291755288383749,1.0,1.0,0.25000000000000006,0.051084280014038086
16,100,0.25,Partitioned,LDF,First-Fit Decreasing,68.98265669863093,4.4955128355337015,1.0,1.0,0.24999999999999997,0.10040950775146484
16,100,0.25,Partitioned,LDF,Best-Fit Decreasing,68.98265669863093,4.4955128355337015,1.0,1.0,0.24999999999999997,0.04695010185241699
16,100,0.25,Partitioned,LDF,Worst-Fit Decreasing,17.25353986014061,4.4955128355337015,1.0,1.0,0.24999999999999997,0.045749664306640625
16,100,0.25,Partitioned,LDF,Round-Robin,17.261650471722202,4.4955128355337015,1.0,1.0,0.24999999999999997,0.04571890830993652
16,100,0.5,Global,FIFO,,348.5269179102208,9.46817288740943,0.74,1.0,0.4999999999999998,0.04702472686767578
16,100,0.5,Partitioned,FIFO,First-Fit Decreasing,163.56153806668792,10.445373872778955,0.92,1.0,0.5000000000000001,0.04462766647338867
16,100,0.5,Partitioned,FIFO,Best-Fit Decreasing,163.56153806668792,10.445373872778955,0.92,1.0,0.5000000000000001,0.04525136947631836
16,100,0.5,Partitioned,FIFO,Worst-Fit Decreasing,40.119054976101296,10.445373872778955,1.0,1.0,0.5000000000000001,0.04416203498840332
16,100,0.5,Partitioned,FIFO,Round-Robin,39.755531363165254,10.445373872778955,1.0,1.0,0.5000000000000001,0.04410409927368164
16,100,0.5,Global,HEFT,,301.27131269514905,8.40077246146096,0.57,1.0,0.49999999999999983,0.05080223083496094
16,100,0.5,Partitioned,HEFT,First-Fit Decreasing,144.73536649628,7.992114307726909,0.77,1.0,0.4999999999999999,0.04480242729187012
16,100,0.5,Partitioned,HEFT,Best-Fit Decreasing,144.73536649628,7.992114307726909,0.77,1.0,0.4999999999999999,0.04584217071533203
16,100,0.5,Partitioned,HEFT,Worst-Fit Decreasing,34.97811417511237,7.992114307726909,1.0,1.0,0.4999999999999999,0.04401397705078125
16,100,0.5,Partitioned,HEFT,Round-Robin,35.037456779627,7.992114307726909,1.0,1.0,0.4999999999999999,0.043859004974365234
16,100,0.5,Global,LDF,,339.8950662471285,10.662956309042174,1.0,1.0,0.5000000000000002,0.052985429763793945
16,100,0.5,Partitioned,LDF,First-Fit Decreasing,161.67008862580454,11.793667359765493,1.0,1.0,0.5000000000000002,0.04373621940612793
16,100,0.5,Partitioned,LDF,Best-Fit Decreasing,161.67008862580454,11.793667359765493,1.0,1.0,0.5000000000000002,0.04433608055114746
16,100,0.5,Partitioned,LDF,Worst-Fit Decreasing,40.5065742248798,11.793667359765493,1.0,1.0,0.5000000000000002,0.043050527572631836
16,100,0.5,Partitioned,LDF,Round-Robin,40.410496394993885,11.793667359765493,1.0,1.0,0.5000000000000002,0.04301857948303223
16,100,0.75,Global,FIFO,,507.9419925222462,16.94173205533774,0.45,1.0,0.7500000000000007,0.05115628242492676
16,100,0.75,Partitioned,FIFO,First-Fit Decreasing,227.50984603396225,15.214526416571703,0.76,1.0,0.7499999999999998,0.04105544090270996
16,100,0.75,Partitioned,FIFO,Best-Fit Decreasing,227.50984603396225,15.214526416571703,0.76,1.0,0.7499999999999998,0.04197955131530762
16,100,0.75,Partitioned,FIFO,Worst-Fit Decreasing,55.563326568980635,15.214526416571703,1.0,1.0,0.7499999999999998,0.04056668281555176
16,100,0.75,Partitioned,FIFO,Round-Robin,55.35528249674859,15.214526416571703,1.0,1.0,0.7499999999999998,0.04050326347351074
16,100,0.75,Global,HEFT,,434.9083479482919,12.60664238909838,0.46,1.0,0.7499999999999994,0.05273032188415527
16,100,0.75,Partitioned,HEFT,First-Fit Decreasing,198.27096747465382,11.869175017190257,0.63,1.0,0.7500000000000002,0.04831957817077637
16,100,0.75,Partitioned,HEFT,Best-Fit Decreasing,198.27096747465382,11.869175017190257,0.63,1.0,0.7500000000000002,0.04911351203918457
16,100,0.75,Partitioned,HEFT,Worst-Fit Decreasing,48.76166062067366,11.869175017190257,1.0,1.0,0.7500000000000002,0.0479273796081543
16,100,0.75,Partitioned,HEFT,Round-Robin,47.58993506472614,11.869175017190257,1.0,1.0,0.7500000000000002,0.04795956611633301
16,100,0.75,Global,LDF,,518.5978825797243,21.616734001180145,0.78,1.0,0.7500000000000001,0.05180978775024414
16,100,0.75,Partitioned,LDF,First-Fit Decreasing,228.9458943252452,19.670090741401633,1.0,1.0,0.7500000000000001,0.043482303619384766
16,100,0.75,Partitioned,LDF,Best-Fit Decreasing,228.9458943252452,19.670090741401633,1.0,1.0,0.7500000000000001,0.044217586517333984
16,100,0.75,Partitioned,LDF,Worst-Fit Decreasing,56.468484261875666,19.670090741401633,1.0,1.0,0.7500000000000001,0.04376554489135742
16,100,0.75,Partitioned,LDF,Round-Robin,56.36903963781675,19.670090741401633,1.0,1.0,0.7500000000000001,0.043250322341918945
16,200,0.25,Global,FIFO,,167.43991811268677,3.919572252007472,0.9,1.0,0.24999999999999992,0.1414024829864502
16,200,0.25,Partitioned,FIFO,First-Fit Decreasing,69.62016717107396,3.893179214130232,1.0,1.0,0.24999999999999992,0.09364867210388184
16,200,0.25,Partitioned,FIFO,Best-Fit Decreasing,69.62016717107396,3.893179214130232,1.0,1.0,0.24999999999999992,0.09444117546081543
16,200,0.25,Partitioned,FIFO,Worst-Fit Decreasing,16.778737328259616,3.893179214130232,1.0,1.0,0.24999999999999992,0.09189748764038086
16,200,0.25,Partitioned,FIFO,Round-Robin,16.234986103051092,3.893179214130232,1.0,1.0,0.24999999999999992,0.0916435718536377
16,200,0.25,Global,HEFT,,166.11664916966998,4.364594111552233,0.835,1.0,0.25000000000000006,0.14738035202026367
16,200,0.25,Partitioned,HEFT,First-Fit Decreasing,75.40778112077697,3.500974893541397,1.0,1.0,0.24999999999999983,0.08749866485595703
16,200,0.25,Partitioned,HEFT,Best-Fit Decreasing,75.40778112077697,3.500974893541397,1.0,1.0,0.24999999999999983,0.08910417556762695
16,200,0.25,Partitioned,HEFT,Worst-Fit Decreasing,18.566877381737008,3.500974893541397,1.0,1.0,0.24999999999999983,0.08629822731018066
16,200,0.25,Partitioned,HEFT,Round-Robin,18.092529515233462,3.500974893541397,1.0,1.0,0.24999999999999983,0.08630967140197754
16,200,0.25,Global,LDF,,171.2881807198267,4.116452261018168,1.0,1.0,0.24999999999999997,0.1517810821533203
16,200,0.25,Partitioned,LDF,First-Fit Decreasing,72.4434518706898,3.6971757865191335,1.0,1.0,0.25000000000000017,0.09266233444213867
16,200,0.25,Partitioned,LDF,Best-Fit Decreasing,72.4434518706898,3.6971757865191335,1.0,1.0,0.25000000000000017,0.0939781665802002
16,200,0.25,Partitioned,LDF,Worst-Fit Decreasing,17.739656530853086,3.6971757865191335,1.0,1.0,0.25000000000000017,0.09176111221313477
16,200,0.25,Partitioned,LDF,Round-Robin,17.54623064933076,3.6971757865191335,1.0,1.0,0.25000000000000017,0.0911858081817627
16,200,0.5,Global,FIFO,,338.3786961703005,8.330546949625434,0.68,1.0,0.5,0.14593839645385742
16,200,0.5,Partitioned,FIFO,First-Fit Decreasing,138.6067091046321,7.2874295809545995,0.915,1.0,0.5,0.08874249458312988
16,200,0.5,Partitioned,FIFO,Best-Fit Decreasing,138.6067091046321,7.2874295809545995,0.915,1.0,0.5,0.0901646614074707
16,200,0.5,Partitioned,FIFO,Worst-Fit Decreasing,34.07146609148721,7.2874295809545995,1.0,1.0,0.5,0.08752965927124023
16,200,0.5,Partitioned,FIFO,Round-Robin,33.41054858281427,7.2874295809545995,1.0,1.0,0.5,0.08799457550048828
16,200,0.5,Global,HEFT,,311.17728195124494,8.049616269668453,0.68,1.0,0.5000000000000001,0.1477959156036377
16,200,0.5,Partitioned,HEFT,First-Fit Decreasing,154.1052628635742,7.679141906307934,0.815,1.0,0.49999999999999994,0.09732985496520996
16,200,0.5,Partitioned,HEFT,Best-Fit Decreasing,154.1052628635742,7.679141906307934,0.815,1.0,0.49999999999999994,0.09880876541137695
16,200,0.5,Partitioned,HEFT,Worst-Fit Decreasing,38.16741808454626,7.679141906307934,1.0,1.0,0.49999999999999994,0.09591984748840332
16,200,0.5,Partitioned,HEFT,Round-Robin,37.358959635552864,7.679141906307934,1.0,1.0,0.49999999999999994,0.09600400924682617
16,200,0.5,Global,LDF,,350.77705416730794,7.84337857508009,1.0,1.0,0.5000000000000001,0.1433250904083252
16,200,0.5,Partitioned,LDF,First-Fit Decreasing,139.62380072261556,7.383590579460971,1.0,1.0,0.4999999999999999,0.09289884567260742
16,200,0.5,Partitioned,LDF,Best-Fit Decreasing,139.62380072261556,7.383590579460971,1.0,1.0,0.4999999999999999,0.09476494789123535
16,200,0.5,Partitioned,LDF,Worst-Fit Decreasing,34.390825235997184,7.383590579460971,1.0,1.0,0.4999999999999999,0.09166479110717773
16,200,0.5,Partitioned,LDF,Round-Robin,33.81701846949336,7.383590579460971,1.0,1.0,0.4999999999999999,0.09162616729736328
16,200,0.75,Global,FIFO,,516.0520454336457,12.659336193268187,0.53,1.0,0.7499999999999993,0.13812637329101562
16,200,0.75,Partitioned,FIFO,First-Fit Decreasing,219.16933643240932,12.026969163194606,0.81,1.0,0.7500000000000007,0.09155559539794922
16,200,0.75,Partitioned,FIFO,Best-Fit Decreasing,219.16933643240932,12.026969163194606,0.81,1.0,0.7500000000000007,0.09265446662902832
16,200,0.75,Partitioned,FIFO,Worst-Fit Decreasing,53.23772264416363,12.026969163194606,1.0,1.0,0.7500000000000007,0.09019231796264648
16,200,0.75,Partitioned,FIFO,Round-Robin,51.82847127465784,12.026969163194606,1.0,1.0,0.7500000000000007,0.08953332901000977
16,200,0.75,Global,HEFT,,475.6085220964352,11.40324004622561,0.48,1.0,0.7499999999999999,0.14707326889038086
16,200,0.75,Partitioned,HEFT,First-Fit Decreasing,245.61729808176412,11.689296663516497,0.645,1.0,0.7499999999999999,0.0963282585144043
16,200,0.75,Partitioned,HEFT,Best-Fit Decreasing,245.61729808176412,11.689296663516497,0.645,1.0,0.7499999999999999,0.09856081008911133
16,200,0.75,Partitioned,HEFT,Worst-Fit Decreasing,60.332081847264035,11.689296663516497,1.0,1.0,0.7499999999999999,0.09588885307312012
16,200,0.75,Partitioned,HEFT,Round-Robin,58.70416262602809,11.689296663516497,1.0,1.0,0.7499999999999999,0.0946509838104248
16,200,0.75,Global,LDF,,507.3963281570412,11.413530114550287,0.775,1.0,0.7499999999999998,0.1416487693786621
16,200,0.75,Partitioned,LDF,First-Fit Decreasing,262.55015404760024,14.54139710196411,1.0,1.0,0.7499999999999999,0.0940086841583252
16,200,0.75,Partitioned,LDF,Best-Fit Decreasing,262.55015404760024,14.54139710196411,1.0,1.0,0.7499999999999999,0.09563636779785156
16,200,0.75,Partitioned,LDF,Worst-Fit Decreasing,65.03816917602359,14.54139710196411,1.0,1.0,0.7499999999999999,0.09265708923339844
16,200,0.75,Partitioned,LDF,Round-Robin,63.72893450680395,14.54139710196411,1.0,1.0,0.7499999999999999,0.09246015548706055
16,400,0.25,Global,FIFO,,177.25524776850438,3.876487326208614,0.885,1.0,0.24999999999999958,0.5962283611297607
16,400,0.25,Partitioned,FIFO,First-Fit Decreasing,72.08798533008954,3.8156356482533864,1.0,1.0,0.2500000000000001,0.21375656127929688
16,400,0.25,Partitioned,FIFO,Best-Fit Decreasing,72.08798533008954,3.8156356482533864,1.0,1.0,0.2500000000000001,0.21649980545043945
16,400,0.25,Partitioned,FIFO,Worst-Fit Decreasing,17.6725543505448,3.8156356482533864,1.0,1.0,0.2500000000000001,0.20817089080810547
16,400,0.25,Partitioned,FIFO,Round-Robin,17.404795554167798,3.8156356482533864,1.0,1.0,0.2500000000000001,0.20710086822509766
16,400,0.25,Global,HEFT,,157.30985519713695,3.7360678850936546,0.8925,1.0,0.25000000000000056,0.633737325668335
16,400,0.25,Partitioned,HEFT,First-Fit Decreasing,78.14306165640876,3.377622480771953,1.0,1.0,0.2499999999999997,0.21223735809326172
16,400,0.25,Partitioned,HEFT,Best-Fit Decreasing,78.14306165640876,3.377622480771953,1.0,1.0,0.2499999999999997,0.21456432342529297
16,400,0.25,Partitioned,HEFT,Worst-Fit Decreasing,19.183049622497247,3.377622480771953,1.0,1.0,0.2499999999999997,0.20600318908691406
16,400,0.25,Partitioned,HEFT,Round-Robin,18.716475543176415,3.377622480771953,1.0,1.0,0.2499999999999997,0.20572590827941895
16,400,0.25,Global,LDF,,186.794194758642,3.953648457222696,1.0,1.0,0.24999999999999997,0.6382405757904053
16,400,0.25,Partitioned,LDF,First-Fit Decreasing,73.43221783844086,3.6398118409588176,1.0,1.0,0.2500000000000001,0.20682215690612793
16,400,0.25,Partitioned,LDF,Best-Fit Decreasing,73.43221783844086,3.6398118409588176,1.0,1.0,0.2500000000000001,0.20992469787597656
16,400,0.25,Partitioned,LDF,Worst-Fit Decreasing,17.707987717283448,3.6398118409588176,1.0,1.0,0.2500000000000001,0.20234036445617676
16,400,0.25,Partitioned,LDF,Round-Robin,17.33925370513039,3.6398118409588176,1.0,1.0,0.2500000000000001,0.2023637294769287
16,400,0.5,Global,FIFO,,335.34629648224603,7.0826223979723295,0.685,1.0,0.5000000000000002,0.587665319442749
16,400,0.5,Partitioned,FIFO,First-Fit Decreasing,154.57071765510673,8.481023487483627,0.8975,1.0,0.5000000000000002,0.21416807174682617
16,400,0.5,Partitioned,FIFO,Best-Fit Decreasing,154.57071765510673,8.481023487483627,0.8975,1.0,0.5000000000000002,0.21771478652954102
16,400,0.5,Partitioned,FIFO,Worst-Fit Decreasing,37.947341188606735,8.481023487483627,1.0,1.0,0.5000000000000002,0.2093358039855957
16,400,0.5,Partitioned,FIFO,Round-Robin,37.18528213961476,8.481023487483627,1.0,1.0,0.5000000000000002,0.20868778228759766
16,400,0.5,Global,HEFT,,286.1841692199902,6.163846948802602,0.7,1.0,0.5,0.6251838207244873
16,400,0.5,Partitioned,HEFT,First-Fit Decreasing,157.35167524639917,6.863623503190372,0.8675,1.0,0.5000000000000004,0.21132659912109375
16,400,0.5,Partitioned,HEFT,Best-Fit Decreasing,157.35167524639917,6.863623503190372,0.8675,1.0,0.5000000000000004,0.21448326110839844
16,400,0.5,Partitioned,HEFT,Worst-Fit Decreasing,38.758834188915834,6.863623503190372,1.0,1.0,0.5000000000000004,0.2061314582824707
16,400,0.5,Partitioned,HEFT,Round-Robin,37.89091662516323,6.863623503190372,1.0,1.0,0.5000000000000004,0.20505189895629883
16,400,0.5,Global,LDF,,354.6064603306802,7.733879077304671,1.0,1.0,0.5000000000000002,0.636176347732544
16,400,0.5,Partitioned,LDF,First-Fit Decreasing,146.8483997958184,7.0319407075938685,1.0,1.0,0.5000000000000003,0.197357177734375
16,400,0.5,Partitioned,LDF,Best-Fit Decreasing,146.8483997958184,7.0319407075938685,1.0,1.0,0.5000000000000003,0.2000889778137207
16,400,0.5,Partitioned,LDF,Worst-Fit Decreasing,35.68469483395113,7.0319407075938685,1.0,1.0,0.5000000000000003,0.1923518180847168
16,400,0.5,Partitioned,LDF,Round-Robin,34.94532195744325,7.0319407075938685,1.0,1.0,0.5000000000000003,0.19112348556518555
16,400,0.75,Global,FIFO,,491.3589413027426,10.624634707589694,0.4725,1.0,0.7499999999999987,0.5813148021697998
16,400,0.75,Partitioned,FIFO,First-Fit Decreasing,223.8091611505845,11.044207990816904,0.82,1.0,0.7500000000000007,0.21235084533691406
16,400,0.75,Partitioned,FIFO,Best-Fit Decreasing,223.8091611505845,11.044207990816904,0.82,1.0,0.7500000000000007,0.21548223495483398
16,400,0.75,Partitioned,FIFO,Worst-Fit Decreasing,54.96550710217519,11.044207990816904,1.0,1.0,0.7500000000000007,0.2072145938873291
16,400,0.75,Partitioned,FIFO,Round-Robin,53.703357905190735,11.044207990816904,1.0,1.0,0.7500000000000007,0.20601367950439453
16,400,0.75,Global,HEFT,,411.8164705765159,9.804409580924505,0.53,1.0,0.7500000000000001,0.622081995010376
16,400,0.75,Partitioned,HEFT,First-Fit Decreasing,247.57339592340998,11.613327942622373,0.7475,1.0,0.75,0.2119584083557129
16,400,0.75,Partitioned,HEFT,Best-Fit Decreasing,247.57339592340998,11.613327942622373,0.7475,1.0,0.75,0.21568632125854492
16,400,0.75,Partitioned,HEFT,Worst-Fit Decreasing,60.52844607361359,11.613327942622373,1.0,1.0,0.75,0.2073686122894287
16,400,0.75,Partitioned,HEFT,Round-Robin,59.15517243273207,11.613327942622373,1.0,1.0,0.75,0.20641469955444336
16,400,0.75,Global,LDF,,514.1796999760077,11.240380927828896,0.765,1.0,0.7499999999999994,0.6356656551361084
16,400,0.75,Partitioned,LDF,First-Fit Decreasing,227.0095659331226,11.895485605729343,1.0,1.0,0.750000000000001,0.20440268516540527
16,400,0.75,Partitioned,LDF,Best-Fit Decreasing,227.0095659331226,11.895485605729343,1.0,1.0,0.750000000000001,0.2076570987701416
16,400,0.75,Partitioned,LDF,Worst-Fit Decreasing,54.98261845661392,11.895485605729343,1.0,1.0,0.750000000000001,0.19966769218444824
16,400,0.75,Partitioned,LDF,Round-Robin,54.38249678431472,11.895485605729343,1.0,1.0,0.750000000000001,0.19829535484313965
16,600,0.25,Global,FIFO,,177.51671074770672,3.7120264213167875,0.8566666666666667,1.0,0.2499999999999997,1.6388607025146484
16,600,0.25,Partitioned,FIFO,First-Fit Decreasing,72.15314452023608,3.6984520288721585,0.9983333333333333,1.0,0.24999999999999992,0.35136866569519043
16,600,0.25,Partitioned,FIFO,Best-Fit Decreasing,72.15314452023608,3.6984520288721585,0.9983333333333333,1.0,0.24999999999999992,0.3555929660797119
16,600,0.25,Partitioned,FIFO,Worst-Fit Decreasing,17.743916100602043,3.6984520288721585,1.0,1.0,0.24999999999999992,0.33823156356811523
16,600,0.25,Partitioned,FIFO,Round-Robin,17.445967150584515,3.6984520288721585,1.0,1.0,0.24999999999999992,0.33920884132385254
16,600,0.25,Global,HEFT,,153.29612651661432,3.3492655896764023,0.8466666666666667,1.0,0.25000000000000033,1.7944774627685547
16,600,0.25,Partitioned,HEFT,First-Fit Decreasing,76.0400854180134,3.4028828068696564,0.9933333333333333,1.0,0.2500000000000002,0.3461284637451172
16,600,0.25,Partitioned,HEFT,Best-Fit Decreasing,76.0400854180134,3.4028828068696564,0.9933333333333333,1.0,0.2500000000000002,0.35054802894592285
16,600,0.25,Partitioned,HEFT,Worst-Fit Decreasing,18.66685921454753,3.4028828068696564,1.0,1.0,0.2500000000000002,0.3348081111907959
16,600,0.25,Partitioned,HEFT,Round-Robin,18.093923275937797,3.4028828068696564,1.0,1.0,0.2500000000000002,0.33218884468078613
16,600,0.25,Global,LDF,,191.40352500444263,3.7700875472387954,1.0,1.0,0.25000000000000006,1.7917225360870361
16,600,0.25,Partitioned,LDF,First-Fit Decreasing,77.55951239493288,3.8320054631511744,1.0,1.0,0.25000000000000006,0.34667468070983887
16,600,0.25,Partitioned,LDF,Best-Fit Decreasing,77.55951239493288,3.8320054631511744,1.0,1.0,0.25000000000000006,0.35146093368530273
16,600,0.25,Partitioned,LDF,Worst-Fit Decreasing,18.87018433794173,3.8320054631511744,1.0,1.0,0.25000000000000006,0.335526704788208
16,600,0.25,Partitioned,LDF,Round-Robin,18.459079624952466,3.8320054631511744,1.0,1.0,0.25000000000000006,0.3327007293701172
16,600,0.5,Global,FIFO,,327.69296434976496,6.950928629921829,0.6483333333333333,1.0,0.49999999999999983,1.6322863101959229
16,600,0.5,Partitioned,FIFO,First-Fit Decreasing,150.1033339320518,7.368756026590277,0.8983333333333333,1.0,0.499999999999999,0.3371162414550781
16,600,0.5,Partitioned,FIFO,Best-Fit Decreasing,150.1033339320518,7.368756026590277,0.8983333333333333,1.0,0.499999999999999,0.3428013324737549
16,600,0.5,Partitioned,FIFO,Worst-Fit Decreasing,36.396569427960024,7.368756026590277,1.0,1.0,0.499999999999999,0.3261098861694336
16,600,0.5,Partitioned,FIFO,Round-Robin,35.43972739765274,7.368756026590277,1.0,1.0,0.499999999999999,0.3233628273010254
16,600,0.5,Global,HEFT,,303.770476431593,6.904685884534239,0.6683333333333333,1.0,0.4999999999999994,1.7812886238098145
16,600,0.5,Partitioned,HEFT,First-Fit Decreasing,162.97539960583526,7.127258228669813,0.8616666666666667,1.0,0.49999999999999967,0.34308958053588867
16,600,0.5,Partitioned,HEFT,Best-Fit Decreasing,162.97539960583526,7.127258228669813,0.8616666666666667,1.0,0.49999999999999967,0.34813976287841797
16,600,0.5,Partitioned,HEFT,Worst-Fit Decreasing,39.88258344842654,7.127258228669813,1.0,1.0,0.49999999999999967,0.33068299293518066
16,600,0.5,Partitioned,HEFT,Round-Robin,38.88194892392668,7.127258228669813,1.0,1.0,0.49999999999999967,0.32849979400634766
16,600,0.5,Global,LDF,,351.10035727668304,7.602455029469876,1.0,1.0,0.4999999999999996,1.7978763580322266
16,600,0.5,Partitioned,LDF,First-Fit Decreasing,146.8141064160307,7.46881005468542,1.0,1.0,0.49999999999999967,0.3464701175689697
16,600,0.5,Partitioned,LDF,Best-Fit Decreasing,146.8141064160307,7.46881005468542,1.0,1.0,0.49999999999999967,0.3511526584625244
16,600,0.5,Partitioned,LDF,Worst-Fit Decreasing,35.63341576047728,7.46881005468542,1.0,1.0,0.49999999999999967,0.3343937397003174
16,600,0.5,Partitioned,LDF,Round-Robin,35.189844753235725,7.46881005468542,1.0,1.0,0.49999999999999967,0.33290982246398926
16,600,0.75,Global,FIFO,,507.1044311933888,10.498150690479637,0.47333333333333333,1.0,0.7500000000000003,1.637162446975708
16,600,0.75,Partitioned,FIFO,First-Fit Decreasing,224.5870742112081,10.74730966188204,0.8016666666666666,1.0,0.750000000000001,0.3395233154296875
16,600,0.75,Partitioned,FIFO,Best-Fit Decreasing,224.5870742112081,10.74730966188204,0.8016666666666666,1.0,0.750000000000001,0.3436625003814697
16,600,0.75,Partitioned,FIFO,Worst-Fit Decreasing,55.02891592976977,10.74730966188204,1.0,1.0,0.750000000000001,0.3288898468017578
16,600,0.75,Partitioned,FIFO,Round-Robin,53.62207515171704,10.74730966188204,1.0,1.0,0.750000000000001,0.32541537284851074
16,600,0.75,Global,HEFT,,453.3776047689043,10.453942760626346,0.49166666666666664,1.0,0.7499999999999993,1.8102679252624512
16,600,0.75,Partitioned,HEFT,First-Fit Decreasing,239.2143844547474,10.785589356187465,0.7183333333333334,1.0,0.7500000000000008,0.35086727142333984
16,600,0.75,Partitioned,HEFT,Best-Fit Decreasing,239.2143844547474,10.785589356187465,0.7183333333333334,1.0,0.7500000000000008,0.3543872833251953
16,600,0.75,Partitioned,HEFT,Worst-Fit Decreasing,58.92535652421795,10.785589356187465,1.0,1.0,0.7500000000000008,0.3379786014556885
16,600,0.75,Partitioned,HEFT,Round-Robin,57.55185736788291,10.785589356187465,1.0,1.0,0.7500000000000008,0.33674192428588867
16,600,0.75,Global,LDF,,542.1325875481627,11.417509352276117,0.745,1.0,0.7500000000000012,1.8262009620666504
16,600,0.75,Partitioned,LDF,First-Fit Decreasing,209.179404598525,10.053000096644297,1.0,1.0,0.7499999999999993,0.3425469398498535
16,600,0.75,Partitioned,LDF,Best-Fit Decreasing,209.179404598525,10.053000096644297,1.0,1.0,0.7499999999999993,0.3486802577972412
16,600,0.75,Partitioned,LDF,Worst-Fit Decreasing,51.00315229053734,10.053000096644297,1.0,1.0,0.7499999999999993,0.3312699794769287
16,600,0.75,Partitioned,LDF,Round-Robin,49.77471901235675,10.053000096644297,1.0,1.0,0.7499999999999993,0.3288686275482178
32,10,0.25,Global,FIFO,,66.29343373067816,7.782117080315842,1.0,1.0,0.25,0.0040128231048583984
32,10,0.25,Partitioned,FIFO,First-Fit Decreasing,118.94625561982991,26.609290044258767,0.9,1.0,0.25,0.0038423538208007812
32,10,0.25,Partitioned,FIFO,Best-Fit Decreasing,118.94625561982991,26.609290044258767,0.9,1.0,0.25,0.003968954086303711
32,10,0.25,Partitioned,FIFO,Worst-Fit Decreasing,18.34153140835756,26.609290044258767,1.0,1.0,0.25,0.003846406936645508
32,10,0.25,Partitioned,FIFO,Round-Robin,18.34153140835756,26.609290044258767,1.0,1.0,0.25,0.003777027130126953
32,10,0.25,Global,HEFT,,147.30320944322915,20.010221354471955,0.9,1.0,0.25,0.004034757614135742
32,10,0.25,Partitioned,HEFT,First-Fit Decreasing,63.88092394073766,10.897428650045306,1.0,1.0,0.25,0.003966808319091797
32,10,0.25,Partitioned,HEFT,Best-Fit Decreasing,63.88092394073766,10.897428650045306,1.0,1.0,0.25,0.004207611083984375
32,10,0.25,Partitioned,HEFT,Worst-Fit Decreasing,10.19689955526288,10.897428650045306,1.0,1.0,0.25,0.004012107849121094
32,10,0.25,Partitioned,HEFT,Round-Robin,9.720631913165168,10.897428650045306,1.0,1.0,0.25,0.003998517990112305
32,10,0.25,Global,LDF,,135.2491758018834,16.907355698310617,1.0,1.0,0.24999999999999997,0.004214048385620117
32,10,0.25,Partitioned,LDF,First-Fit Decreasing,93.94319661940823,28.04026982594728,1.0,1.0,0.25,0.0037169456481933594
32,10,0.25,Partitioned,LDF,Best-Fit Decreasing,93.94319661940823,28.04026982594728,1.0,1.0,0.25,0.003913402557373047
32,10,0.25,Partitioned,LDF,Worst-Fit Decreasing,16.988912893852458,28.04026982594728,1.0,1.0,0.25,0.0037207603454589844
32,10,0.25,Partitioned,LDF,Round-Robin,16.988912893852458,28.04026982594728,1.0,1.0,0.25,0.003702402114868164
32,10,0.5,Global,FIFO,,227.4743409090733,31.413184651432726,0.9,1.0,0.5,0.004338264465332031
32,10,0.5,Partitioned,FIFO,First-Fit Decreasing,198.0594755860084,45.29800641052675,0.9,1.0,0.5,0.003928422927856445
32,10,0.5,Partitioned,FIFO,Best-Fit Decreasing,198.0594755860084,45.29800641052675,0.9,1.0,0.5,0.004053592681884766
32,10,0.5,Partitioned,FIFO,Worst-Fit Decreasing,31.775356931381197,45.29800641052675,1.0,1.0,0.5,0.003897428512573242
32,10,0.5,Partitioned,FIFO,Round-Robin,31.775356931381197,45.29800641052675,1.0,1.0,0.5,0.003910064697265625
32,10,0.5,Global,HEFT,,116.29452916968289,14.669209009710006,0.6,1.0,0.5,0.004060506820678711
32,10,0.5,Partitioned,HEFT,First-Fit Decreasing,174.30727099876313,38.91048882434377,0.8,1.0,0.4999999999999999,0.003607034683227539
32,10,0.5,Partitioned,HEFT,Best-Fit Decreasing,174.30727099876313,38.91048882434377,0.8,1.0,0.4999999999999999,0.0037255287170410156
32,10,0.5,Partitioned,HEFT,Worst-Fit Decreasing,30.824275088848584,38.91048882434377,1.0,1.0,0.4999999999999999,0.0035805702209472656
32,10,0.5,Partitioned,HEFT,Round-Robin,30.824275088848584,38.91048882434377,1.0,1.0,0.4999999999999999,0.0035657882690429688
32,10,0.5,Global,LDF,,334.7907091129185,33.78741034485741,1.0,1.0,0.49999999999999994,0.0033483505249023438
32,10,0.5,Partitioned,LDF,First-Fit Decreasing,198.9041414775308,38.4772984125588,1.0,1.0,0.5,0.004309415817260742
32,10,0.5,Partitioned,LDF,Best-Fit Decreasing,198.9041414775308,38.4772984125588,1.0,1.0,0.5,0.004449605941772461
32,10,0.5,Partitioned,LDF,Worst-Fit Decreasing,30.52630021346395,38.4772984125588,1.0,1.0,0.5,0.004346370697021484
32,10,0.5,Partitioned,LDF,Round-Robin,32.78553515766141,38.4772984125588,1.0,1.0,0.5,0.004263639450073242
32,10,0.75,Global,FIFO,,496.2755821226289,67.92108600179745,0.7,1.0,0.7500000000000001,0.004141330718994141
32,10,0.75,Partitioned,FIFO,First-Fit Decreasing,237.4889132731093,48.78036422235747,0.9,1.0,0.75,0.0037403106689453125
32,10,0.75,Partitioned,FIFO,Best-Fit Decreasing,237.4889132731093,48.78036422235747,0.9,1.0,0.75,0.003942966461181641
32,10,0.75,Partitioned,FIFO,Worst-Fit Decreasing,37.4484213224251,48.78036422235747,1.0,1.0,0.75,0.003755331039428711
32,10,0.75,Partitioned,FIFO,Round-Robin,38.784307956878166,48.78036422235747,1.0,1.0,0.75,0.0037631988525390625
32,10,0.75,Global,HEFT,,513.875241385431,69.77797007231993,0.6,1.0,0.7499999999999998,0.004425048828125
32,10,0.75,Partitioned,HEFT,First-Fit Decreasing,258.3284635885557,47.952396668740356,0.6,1.0,0.75,0.0036950111389160156
32,10,0.75,Partitioned,HEFT,Best-Fit Decreasing,258.3284635885557,47.952396668740356,0.6,1.0,0.75,0.0037109851837158203
32,10,0.75,Partitioned,HEFT,Worst-Fit Decreasing,49.74207098275234,47.952396668740356,1.0,1.0,0.75,0.003585338592529297
32,10,0.75,Partitioned,HEFT,Round-Robin,41.89416366608076,47.952396668740356,1.0,1.0,0.75,0.0034945011138916016
32,10,0.75,Global,LDF,,599.3203704068113,81.85169189402106,0.9,1.0,0.7499999999999999,0.0047206878662109375
32,10,0.75,Partitioned,LDF,First-Fit Decreasing,329.37004663871323,95.21386984125333,1.0,1.0,0.75,0.004288434982299805
32,10,0.75,Partitioned,LDF,Best-Fit Decreasing,329.37004663871323,95.21386984125333,1.0,1.0,0.75,0.0044460296630859375
32,10,0.75,Partitioned,LDF,Worst-Fit Decreasing,62.827069954527,95.21386984125333,1.0,1.0,0.75,0.004310131072998047
32,10,0.75,Partitioned,LDF,Round-Robin,61.1048270747847,95.21386984125333,1.0,1.0,0.75,0.004250049591064453
32,50,0.25,Global,FIFO,,149.48365615387763,4.807392717847925,0.88,1.0,0.25,0.02055668830871582
32,50,0.25,Partitioned,FIFO,First-Fit Decreasing,74.318086831854,5.6564686463249405,1.0,1.0,0.24999999999999997,0.024140596389770508
32,50,0.25,Partitioned,FIFO,Best-Fit Decreasing,74.318086831854,5.6564686463249405,1.0,1.0,0.24999999999999997,0.02507495880126953
32,50,0.25,Partitioned,FIFO,Worst-Fit Decreasing,9.428750699375112,5.6564686463249405,1.0,1.0,0.24999999999999997,0.024167299270629883
32,50,0.25,Partitioned,FIFO,Round-Robin,9.350287091275831,5.6564686463249405,1.0,1.0,0.24999999999999997,0.0240786075592041
32,50,0.25,Global,HEFT,,131.6738809903339,5.045210463037807,0.86,1.0,0.24999999999999997,0.02435779571533203
32,50,0.25,Partitioned,HEFT,First-Fit Decreasing,78.29984036237767,5.027293624263116,1.0,1.0,0.24999999999999994,0.01948070526123047
32,50,0.25,Partitioned,HEFT,Best-Fit Decreasing,78.29984036237767,5.027293624263116,1.0,1.0,0.24999999999999994,0.02025318145751953
32,50,0.25,Partitioned,HEFT,Worst-Fit Decreasing,9.62447797222469,5.027293624263116,1.0,1.0,0.24999999999999994,0.02260565757751465
32,50,0.25,Partitioned,HEFT,Round-Robin,9.273023126592662,5.027293624263116,1.0,1.0,0.24999999999999994,0.01958608627319336
32,50,0.25,Global,LDF,,194.98907760335723,5.7688831616906056,1.0,1.0,0.24999999999999997,0.021216630935668945
32,50,0.25,Partitioned,LDF,First-Fit Decreasing,66.99483139135427,4.6544597074178835,1.0,1.0,0.25,0.019364356994628906
32,50,0.25,Partitioned,LDF,Best-Fit Decreasing,66.99483139135427,4.6544597074178835,1.0,1.0,0.25,0.020296573638916016
32,50,0.25,Partitioned,LDF,Worst-Fit Decreasing,8.554798016624273,4.6544597074178835,1.0,1.0,0.25,0.01924419403076172
32,50,0.25,Partitioned,LDF,Round-Robin,8.657969325261504,4.6544597074178835,1.0,1.0,0.25,0.01917552947998047
32,50,0.5,Global,FIFO,,369.6839630912754,11.950207331617811,0.82,1.0,0.5000000000000001,0.022062063217163086
32,50,0.5,Partitioned,FIFO,First-Fit Decreasing,163.3258566622683,13.195558263203283,0.96,1.0,0.5,0.022023439407348633
32,50,0.5,Partitioned,FIFO,Best-Fit Decreasing,163.3258566622683,13.195558263203283,0.96,1.0,0.5,0.022696495056152344
32,50,0.5,Partitioned,FIFO,Worst-Fit Decreasing,20.792911449710292,13.195558263203283,1.0,1.0,0.5,0.021837234497070312
32,50,0.5,Partitioned,FIFO,Round-Robin,20.12053825806571,13.195558263203283,1.0,1.0,0.5,0.021748781204223633
32,50,0.5,Global,HEFT,,305.2132479443762,10.647646397958306,0.58,1.0,0.5,0.0216217041015625
32,50,0.5,Partitioned,HEFT,First-Fit Decreasing,144.6597620432728,8.891137598246026,0.8,1.0,0.4999999999999999,0.020414113998413086
32,50,0.5,Partitioned,HEFT,Best-Fit Decreasing,144.6597620432728,8.891137598246026,0.8,1.0,0.4999999999999999,0.02133488655090332
32,50,0.5,Partitioned,HEFT,Worst-Fit Decreasing,18.586814218219732,8.891137598246026,1.0,1.0,0.4999999999999999,0.02042222023010254
32,50,0.5,Partitioned,HEFT,Round-Robin,18.02144339751444,8.891137598246026,1.0,1.0,0.4999999999999999,0.020277023315429688
32,50,0.5,Global,LDF,,406.320725880327,12.579496195833515,1.0,1.0,0.5000000000000003,0.022341012954711914
32,50,0.5,Partitioned,LDF,First-Fit Decreasing,153.99153984207797,13.857725146063974,1.0,1.0,0.49999999999999983,0.019478797912597656
32,50,0.5,Partitioned,LDF,Best-Fit Decreasing,153.99153984207797,13.857725146063974,1.0,1.0,0.49999999999999983,0.020174503326416016
32,50,0.5,Partitioned,LDF,Worst-Fit Decreasing,19.2192325205763,13.857725146063974,1.0,1.0,0.49999999999999983,0.019362688064575195
32,50,0.5,Partitioned,LDF,Round-Robin,19.202318149104077,13.857725146063974,1.0,1.0,0.49999999999999983,0.019317150115966797
32,50,0.75,Global,FIFO,,531.1354372068635,23.617889299399035,0.56,1.0,0.7500000000000001,0.02413034439086914
32,50,0.75,Partitioned,FIFO,First-Fit Decreasing,190.58463513279642,15.88951765725072,0.9,1.0,0.7499999999999999,0.019637107849121094
32,50,0.75,Partitioned,FIFO,Best-Fit Decreasing,190.58463513279642,15.88951765725072,0.9,1.0,0.7499999999999999,0.02043938636779785
32,50,0.75,Partitioned,FIFO,Worst-Fit Decreasing,24.711059509341208,15.88951765725072,1.0,1.0,0.7499999999999999,0.019649505615234375
32,50,0.75,Partitioned,FIFO,Round-Robin,23.432856544124807,15.88951765725072,1.0,1.0,0.7499999999999999,0.01954197883605957
32,50,0.75,Global,HEFT,,475.4800922806487,15.901909418346266,0.52,1.0,0.7499999999999997,0.021325349807739258
32,50,0.75,Partitioned,HEFT,First-Fit Decreasing,215.00750880253847,12.911057630340531,0.6,1.0,0.7500000000000003,0.021381855010986328
32,50,0.75,Partitioned,HEFT,Best-Fit Decreasing,215.00750880253847,12.911057630340531,0.6,1.0,0.7500000000000003,0.022050857543945312
32,50,0.75,Partitioned,HEFT,Worst-Fit Decreasing,27.596383344462673,12.911057630340531,1.0,1.0,0.7500000000000003,0.0213015079498291
32,50,0.75,Partitioned,HEFT,Round-Robin,27.623716557739193,12.911057630340531,1.0,1.0,0.7500000000000003,0.021071195602416992
32,50,0.75,Global,LDF,,581.4005853122917,27.90427891088669,0.76,1.0,0.7500000000000002,0.022211074829101562
32,50,0.75,Partitioned,LDF,First-Fit Decreasing,209.91230778328273,20.572290478616377,1.0,1.0,0.7500000000000001,0.02160191535949707
32,50,0.75,Partitioned,LDF,Best-Fit Decreasing,209.91230778328273,20.572290478616377,1.0,1.0,0.7500000000000001,0.022351980209350586
32,50,0.75,Partitioned,LDF,Worst-Fit Decreasing,27.39854613321839,20.572290478616377,1.0,1.0,0.7500000000000001,0.021506547927856445
32,50,0.75,Partitioned,LDF,Round-Robin,26.525987852182674,20.572290478616377,1.0,1.0,0.7500000000000001,0.02140021324157715
32,100,0.25,Global,FIFO,,167.4737306506271,4.585066024222673,0.89,1.0,0.2500000000000001,0.05059504508972168
32,100,0.25,Partitioned,FIFO,First-Fit Decreasing,70.13107393555093,3.844471995385448,1.0,1.0,0.2500000000000001,0.04125094413757324
32,100,0.25,Partitioned,FIFO,Best-Fit Decreasing,70.13107393555093,3.844471995385448,1.0,1.0,0.2500000000000001,0.043035268783569336
32,100,0.25,Partitioned,FIFO,Worst-Fit Decreasing,8.900824333459795,3.844471995385448,1.0,1.0,0.2500000000000001,0.040755510330200195
32,100,0.25,Partitioned,FIFO,Round-Robin,8.681001799050838,3.844471995385448,1.0,1.0,0.2500000000000001,0.04049038887023926
32,100,0.25,Global,HEFT,,150.95617694802843,4.454146954897394,0.86,1.0,0.24999999999999994,0.05150628089904785
32,100,0.25,Partitioned,HEFT,First-Fit Decreasing,77.67577873312084,4.32099444891589,0.99,1.0,0.25,0.04349541664123535
32,100,0.25,Partitioned,HEFT,Best-Fit Decreasing,77.67577873312084,4.32099444891589,0.99,1.0,0.25,0.04550814628601074
32,100,0.25,Partitioned,HEFT,Worst-Fit Decreasing,9.660458956343277,4.32099444891589,1.0,1.0,0.25,0.04316854476928711
32,100,0.25,Partitioned,HEFT,Round-Robin,9.505875625093928,4.32099444891589,1.0,1.0,0.25,0.04312419891357422
32,100,0.25,Global,LDF,,139.3271523161886,3.4371658491605275,1.0,1.0,0.24999999999999983,0.04757523536682129
32,100,0.25,Partitioned,LDF,First-Fit Decreasing,76.62055421397257,4.193567111103433,1.0,1.0,0.2500000000000002,0.04310965538024902
32,100,0.25,Partitioned,LDF,Best-Fit Decreasing,76.62055421397257,4.193567111103433,1.0,1.0,0.2500000000000002,0.04488825798034668
32,100,0.25,Partitioned,LDF,Worst-Fit Decreasing,9.68419876809272,4.193567111103433,1.0,1.0,0.2500000000000002,0.04290270805358887
32,100,0.25,Partitioned,LDF,Round-Robin,9.377617702857101,4.193567111103433,1.0,1.0,0.2500000000000002,0.04248857498168945
32,100,0.5,Global,FIFO,,326.998482149036,8.409618656075436,0.67,1.0,0.5,0.04736065864562988
32,100,0.5,Partitioned,FIFO,First-Fit Decreasing,160.7637389356688,10.128610356743096,0.96,1.0,0.5000000000000001,0.04646778106689453
32,100,0.5,Partitioned,FIFO,Best-Fit Decreasing,160.7637389356688,10.128610356743096,0.96,1.0,0.5000000000000001,0.04797554016113281
32,100,0.5,Partitioned,FIFO,Worst-Fit Decreasing,20.178253162093874,10.128610356743096,1.0,1.0,0.5000000000000001,0.04604816436767578
32,100,0.5,Partitioned,FIFO,Round-Robin,19.312959561662414,10.128610356743096,1.0,1.0,0.5000000000000001,0.045671939849853516
32,100,0.5,Global,HEFT,,274.65687026561375,8.320473745980372,0.58,1.0,0.4999999999999999,0.052022457122802734
32,100,0.5,Partitioned,HEFT,First-Fit Decreasing,142.94694464371517,8.077245023755646,0.8,1.0,0.5,0.04293203353881836
32,100,0.5,Partitioned,HEFT,Best-Fit Decreasing,142.94694464371517,8.077245023755646,0.8,1.0,0.5,0.04464387893676758
32,100,0.5,Partitioned,HEFT,Worst-Fit Decreasing,18.101069413610638,8.077245023755646,1.0,1.0,0.5,0.042479753494262695
32,100,0.5,Partitioned,HEFT,Round-Robin,17.255052999727948,8.077245023755646,1.0,1.0,0.5,0.04234957695007324
32,100,0.5,Global,LDF,,314.9559583655407,7.420058872188,1.0,1.0,0.4999999999999998,0.04613614082336426
32,100,0.5,Partitioned,LDF,First-Fit Decreasing,168.64749815240364,10.990977326583772,1.0,1.0,0.5,0.04737448692321777
32,100,0.5,Partitioned,LDF,Best-Fit Decreasing,168.64749815240364,10.990977326583772,1.0,1.0,0.5,0.048880577087402344
32,100,0.5,Partitioned,LDF,Worst-Fit Decreasing,21.365982330664494,10.990977326583772,1.0,1.0,0.5,0.047070980072021484
32,100,0.5,Partitioned,LDF,Round-Robin,21.436151265348602,10.990977326583772,1.0,1.0,0.5,0.0466616153717041
32,100,0.75,Global,FIFO,,471.61713828791574,12.469346019985341,0.43,1.0,0.7499999999999996,0.05162930488586426
32,100,0.75,Partitioned,FIFO,First-Fit Decreasing,196.84226052763148,12.463966058022077,0.8,1.0,0.7499999999999999,0.04302406311035156
32,100,0.75,Partitioned,FIFO,Best-Fit Decreasing,196.84226052763148,12.463966058022077,0.8,1.0,0.7499999999999999,0.04462122917175293
32,100,0.75,Partitioned,FIFO,Worst-Fit Decreasing,24.147165695727743,12.463966058022077,1.0,1.0,0.7499999999999999,0.04255938529968262
32,100,0.75,Partitioned,FIFO,Round-Robin,23.832657279462843,12.463966058022077,1.0,1.0,0.7499999999999999,0.04240584373474121
32,100,0.75,Global,HEFT,,435.8029696372629,12.963533624871772,0.43,1.0,0.7499999999999998,0.0515446662902832
32,100,0.75,Partitioned,HEFT,First-Fit Decreasing,240.17274034484453,12.9308199020278,0.65,1.0,0.75,0.04409050941467285
32,100,0.75,Partitioned,HEFT,Best-Fit Decreasing,240.17274034484453,12.9308199020278,0.65,1.0,0.75,0.04553079605102539
32,100,0.75,Partitioned,HEFT,Worst-Fit Decreasing,30.346229827956204,12.9308199020278,1.0,1.0,0.75,0.04349470138549805
32,100,0.75,Partitioned,HEFT,Round-Robin,29.19557560222283,12.9308199020278,1.0,1.0,0.75,0.04336237907409668
32,100,0.75,Global,LDF,,503.4617965656922,12.77314153326244,0.75,1.0,0.7499999999999997,0.04908013343811035
32,100,0.75,Partitioned,LDF,First-Fit Decreasing,243.49659043308776,16.644921841996737,1.0,1.0,0.7500000000000001,0.04822802543640137
32,100,0.75,Partitioned,LDF,Best-Fit Decreasing,243.49659043308776,16.644921841996737,1.0,1.0,0.7500000000000001,0.050031423568725586
32,100,0.75,Partitioned,LDF,Worst-Fit Decreasing,30.966045185069223,16.644921841996737,1.0,1.0,0.7500000000000001,0.048158884048461914
32,100,0.75,Partitioned,LDF,Round-Robin,30.56611832125004,16.644921841996737,1.0,1.0,0.7500000000000001,0.04859781265258789
32,200,0.25,Global,FIFO,,169.04736720169345,3.6269192408257513,0.86,1.0,0.25000000000000017,0.1359848976135254
32,200,0.25,Partitioned,FIFO,First-Fit Decreasing,75.77810267230124,4.320008193448241,1.0,1.0,0.24999999999999997,0.09919357299804688
32,200,0.25,Partitioned,FIFO,Best-Fit Decreasing,75.77810267230124,4.320008193448241,1.0,1.0,0.24999999999999997,0.1026771068572998
32,200,0.25,Partitioned,FIFO,Worst-Fit Decreasing,9.463546083355968,4.320008193448241,1.0,1.0,0.24999999999999997,0.09816479682922363
32,200,0.25,Partitioned,FIFO,Round-Robin,9.036409873921876,4.320008193448241,1.0,1.0,0.24999999999999997,0.09735465049743652
32,200,0.25,Global,HEFT,,153.35650281209055,3.717881840553357,0.935,1.0,0.24999999999999986,0.14705801010131836
32,200,0.25,Partitioned,HEFT,First-Fit Decreasing,79.55994277103581,3.8106064620795075,0.99,1.0,0.24999999999999992,0.09449005126953125
32,200,0.25,Partitioned,HEFT,Best-Fit Decreasing,79.55994277103581,3.8106064620795075,0.99,1.0,0.24999999999999992,0.09801554679870605
32,200,0.25,Partitioned,HEFT,Worst-Fit Decreasing,10.122165313733317,3.8106064620795075,1.0,1.0,0.24999999999999992,0.09314441680908203
32,200,0.25,Partitioned,HEFT,Round-Robin,9.532070460552122,3.8106064620795075,1.0,1.0,0.24999999999999992,0.09310030937194824
32,200,0.25,Global,LDF,,175.00846884347087,3.991279353912055,1.0,1.0,0.25000000000000017,0.1475837230682373
32,200,0.25,Partitioned,LDF,First-Fit Decreasing,81.66529540744204,4.254727290987927,1.0,1.0,0.25000000000000006,0.08760571479797363
32,200,0.25,Partitioned,LDF,Best-Fit Decreasing,81.66529540744204,4.254727290987927,1.0,1.0,0.25000000000000006,0.09133100509643555
32,200,0.25,Partitioned,LDF,Worst-Fit Decreasing,10.155077902837116,4.254727290987927,1.0,1.0,0.25000000000000006,0.08691239356994629
32,200,0.25,Partitioned,LDF,Round-Robin,9.739499802193386,4.254727290987927,1.0,1.0,0.25000000000000006,0.08716273307800293
32,200,0.5,Global,FIFO,,345.74766721954586,7.977551491584202,0.68,1.0,0.5000000000000001,0.138655424118042
32,200,0.5,Partitioned,FIFO,First-Fit Decreasing,139.27560436853494,7.650056262471644,0.92,1.0,0.5000000000000007,0.09282493591308594
32,200,0.5,Partitioned,FIFO,Best-Fit Decreasing,139.27560436853494,7.650056262471644,0.92,1.0,0.5000000000000007,0.0960853099822998
32,200,0.5,Partitioned,FIFO,Worst-Fit Decreasing,17.091713141761286,7.650056262471644,1.0,1.0,0.5000000000000007,0.09127020835876465
32,200,0.5,Partitioned,FIFO,Round-Robin,16.458545775427766,7.650056262471644,1.0,1.0,0.5000000000000007,0.09094882011413574
32,200,0.5,Global,HEFT,,296.52983305143044,7.768447117468504,0.67,1.0,0.5000000000000002,0.14671993255615234
32,200,0.5,Partitioned,HEFT,First-Fit Decreasing,164.01243373197255,8.08845427968569,0.9,1.0,0.5000000000000001,0.1018979549407959
32,200,0.5,Partitioned,HEFT,Best-Fit Decreasing,164.01243373197255,8.08845427968569,0.9,1.0,0.5000000000000001,0.10513663291931152
32,200,0.5,Partitioned,HEFT,Worst-Fit Decreasing,20.585049239441027,8.08845427968569,1.0,1.0,0.5000000000000001,0.10063409805297852
32,200,0.5,Partitioned,HEFT,Round-Robin,19.824238868691317,8.08845427968569,1.0,1.0,0.5000000000000001,0.09971785545349121
32,200,0.5,Global,LDF,,383.0773517624085,8.2427601458573,1.0,1.0,0.5,0.14638376235961914
32,200,0.5,Partitioned,LDF,First-Fit Decreasing,146.9470278679526,7.2123444783759565,1.0,1.0,0.4999999999999997,0.09403371810913086
32,200,0.5,Partitioned,LDF,Best-Fit Decreasing,146.9470278679526,7.2123444783759565,1.0,1.0,0.4999999999999997,0.09733152389526367
32,200,0.5,Partitioned,LDF,Worst-Fit Decreasing,18.234798058097343,7.2123444783759565,1.0,1.0,0.4999999999999997,0.09264922142028809
32,200,0.5,Partitioned,LDF,Round-Robin,18.11849223929859,7.2123444783759565,1.0,1.0,0.4999999999999997,0.09230685234069824
32,200,0.75,Global,FIFO,,518.601616211673,11.877462745127175,0.465,1.0,0.7499999999999999,0.1396801471710205
32,200,0.75,Partitioned,FIFO,First-Fit Decreasing,219.72126210301926,12.36027716712605,0.8,1.0,0.7500000000000003,0.09663915634155273
32,200,0.75,Partitioned,FIFO,Best-Fit Decreasing,219.72126210301926,12.36027716712605,0.8,1.0,0.7500000000000003,0.10038471221923828
32,200,0.75,Partitioned,FIFO,Worst-Fit Decreasing,27.127269333099676,12.36027716712605,1.0,1.0,0.7500000000000003,0.09525370597839355
32,200,0.75,Partitioned,FIFO,Round-Robin,26.304202328134224,12.36027716712605,1.0,1.0,0.7500000000000003,0.09506487846374512
32,200,0.75,Global,HEFT,,460.6729616171117,12.077448856622313,0.475,1.0,0.7500000000000001,0.14410662651062012
32,200,0.75,Partitioned,HEFT,First-Fit Decreasing,233.61229853463948,10.601327348255857,0.69,1.0,0.7499999999999998,0.09196805953979492
32,200,0.75,Partitioned,HEFT,Best-Fit Decreasing,233.61229853463948,10.601327348255857,0.69,1.0,0.7499999999999998,0.09518575668334961
32,200,0.75,Partitioned,HEFT,Worst-Fit Decreasing,29.04759836785848,10.601327348255857,1.0,1.0,0.7499999999999998,0.09074902534484863
32,200,0.75,Partitioned,HEFT,Round-Robin,28.089033162784975,10.601327348255857,1.0,1.0,0.7499999999999998,0.08988571166992188
32,200,0.75,Global,LDF,,550.7428199000361,12.268955105867622,0.735,1.0,0.7499999999999998,0.1421051025390625
32,200,0.75,Partitioned,LDF,First-Fit Decreasing,218.8037088098233,10.720738170580272,1.0,1.0,0.7499999999999996,0.09141421318054199
32,200,0.75,Partitioned,LDF,Best-Fit Decreasing,218.8037088098233,10.720738170580272,1.0,1.0,0.7499999999999996,0.09482097625732422
32,200,0.75,Partitioned,LDF,Worst-Fit Decreasing,26.87368207652142,10.720738170580272,1.0,1.0,0.7499999999999996,0.09045815467834473
32,200,0.75,Partitioned,LDF,Round-Robin,25.850749502741266,10.720738170580272,1.0,1.0,0.7499999999999996,0.08955144882202148
32,400,0.25,Global,FIFO,,162.59394646455632,3.459048474814895,0.9075,1.0,0.25000000000000006,0.5853948593139648
32,400,0.25,Partitioned,FIFO,First-Fit Decreasing,75.0964934900535,3.7422369911925397,0.9975,1.0,0.24999999999999975,0.20799636840820312
32,400,0.25,Partitioned,FIFO,Best-Fit Decreasing,75.0964934900535,3.7422369911925397,0.9975,1.0,0.24999999999999975,0.21354269981384277
32,400,0.25,Partitioned,FIFO,Worst-Fit Decreasing,9.275564977550657,3.7422369911925397,1.0,1.0,0.24999999999999975,0.20053839683532715
32,400,0.25,Partitioned,FIFO,Round-Robin,8.898292379489313,3.7422369911925397,1.0,1.0,0.24999999999999975,0.1989443302154541
32,400,0.25,Global,HEFT,,154.27613797770923,3.714059382472775,0.8925,1.0,0.25000000000000006,0.6326632499694824
32,400,0.25,Partitioned,HEFT,First-Fit Decreasing,77.90000663427165,3.488704706468133,0.9975,1.0,0.25000000000000006,0.213608980178833
32,400,0.25,Partitioned,HEFT,Best-Fit Decreasing,77.90000663427165,3.488704706468133,0.9975,1.0,0.25000000000000006,0.22041082382202148
32,400,0.25,Partitioned,HEFT,Worst-Fit Decreasing,9.586474578673874,3.488704706468133,1.0,1.0,0.25000000000000006,0.20726752281188965
32,400,0.25,Partitioned,HEFT,Round-Robin,9.1944481740799,3.488704706468133,1.0,1.0,0.25000000000000006,0.2055373191833496
32,400,0.25,Global,LDF,,173.77187555535411,3.660213034692668,1.0,1.0,0.25000000000000006,0.6305046081542969
32,400,0.25,Partitioned,LDF,First-Fit Decreasing,76.16547950013555,3.9038221956684196,1.0,1.0,0.25000000000000006,0.2118387222290039
32,400,0.25,Partitioned,LDF,Best-Fit Decreasing,76.16547950013555,3.9038221956684196,1.0,1.0,0.25000000000000006,0.21816515922546387
32,400,0.25,Partitioned,LDF,Worst-Fit Decreasing,9.489232454635077,3.9038221956684196,1.0,1.0,0.25000000000000006,0.20468807220458984
32,400,0.25,Partitioned,LDF,Round-Robin,9.132391089548726,3.9038221956684196,1.0,1.0,0.25000000000000006,0.20302653312683105
32,400,0.5,Global,FIFO,,333.0162507422628,7.29305311653693,0.6675,1.0,0.500000000000001,0.5927186012268066
32,400,0.5,Partitioned,FIFO,First-Fit Decreasing,150.76253119636348,7.40045568021659,0.905,1.0,0.4999999999999995,0.2064952850341797
32,400,0.5,Partitioned,FIFO,Best-Fit Decreasing,150.76253119636348,7.40045568021659,0.905,1.0,0.4999999999999995,0.2137918472290039
32,400,0.5,Partitioned,FIFO,Worst-Fit Decreasing,18.462503237075918,7.40045568021659,1.0,1.0,0.4999999999999995,0.20061206817626953
32,400,0.5,Partitioned,FIFO,Round-Robin,17.84783956961466,7.40045568021659,1.0,1.0,0.4999999999999995,0.19791316986083984
32,400,0.5,Global,HEFT,,309.1882185967793,6.94881468751456,0.6625,1.0,0.5,0.6225051879882812
32,400,0.5,Partitioned,HEFT,First-Fit Decreasing,152.03868768388745,7.4117012464021785,0.8625,1.0,0.5000000000000004,0.21498608589172363
32,400,0.5,Partitioned,HEFT,Best-Fit Decreasing,152.03868768388745,7.4117012464021785,0.8625,1.0,0.5000000000000004,0.22130346298217773
32,400,0.5,Partitioned,HEFT,Worst-Fit Decreasing,18.71858219177799,7.4117012464021785,1.0,1.0,0.5000000000000004,0.20806193351745605
32,400,0.5,Partitioned,HEFT,Round-Robin,17.970168251430685,7.4117012464021785,1.0,1.0,0.5000000000000004,0.20595932006835938
32,400,0.5,Global,LDF,,358.2221270200531,7.8071788380517395,1.0,1.0,0.5000000000000002,0.6348092555999756
32,400,0.5,Partitioned,LDF,First-Fit Decreasing,152.0007541041699,7.957210932598884,1.0,1.0,0.49999999999999967,0.21257257461547852
32,400,0.5,Partitioned,LDF,Best-Fit Decreasing,152.0007541041699,7.957210932598884,1.0,1.0,0.49999999999999967,0.21938419342041016
32,400,0.5,Partitioned,LDF,Worst-Fit Decreasing,18.60378300543674,7.957210932598884,1.0,1.0,0.49999999999999967,0.20665216445922852
32,400,0.5,Partitioned,LDF,Round-Robin,18.03833634828482,7.957210932598884,1.0,1.0,0.49999999999999967,0.20433735847473145
32,400,0.75,Global,FIFO,,508.2302355712623,11.297906225788095,0.43,1.0,0.7500000000000004,0.5944061279296875
32,400,0.75,Partitioned,FIFO,First-Fit Decreasing,217.48746315953306,10.340638514661642,0.835,1.0,0.7499999999999996,0.19906091690063477
32,400,0.75,Partitioned,FIFO,Best-Fit Decreasing,217.48746315953306,10.340638514661642,0.835,1.0,0.7499999999999996,0.20595145225524902
32,400,0.75,Partitioned,FIFO,Worst-Fit Decreasing,26.550314332416825,10.340638514661642,1.0,1.0,0.7499999999999996,0.1928248405456543
32,400,0.75,Partitioned,FIFO,Round-Robin,25.571734742381132,10.340638514661642,1.0,1.0,0.7499999999999996,0.19064092636108398
32,400,0.75,Global,HEFT,,460.2717080950526,11.01137155027548,0.5075,1.0,0.7500000000000003,0.6492018699645996
32,400,0.75,Partitioned,HEFT,First-Fit Decreasing,232.59355400091604,10.965764220052911,0.7425,1.0,0.7499999999999993,0.20760726928710938
32,400,0.75,Partitioned,HEFT,Best-Fit Decreasing,232.59355400091604,10.965764220052911,0.7425,1.0,0.7499999999999993,0.2144460678100586
32,400,0.75,Partitioned,HEFT,Worst-Fit Decreasing,28.676588080619712,10.965764220052911,1.0,1.0,0.7499999999999993,0.20159697532653809
32,400,0.75,Partitioned,HEFT,Round-Robin,27.405941732659198,10.965764220052911,1.0,1.0,0.7499999999999993,0.19965791702270508
32,400,0.75,Global,LDF,,526.6888569760802,10.475608834582218,0.7725,1.0,0.7499999999999988,0.622197151184082
32,400,0.75,Partitioned,LDF,First-Fit Decreasing,210.31375042365136,10.234196738283282,1.0,1.0,0.7499999999999999,0.20415306091308594
32,400,0.75,Partitioned,LDF,Best-Fit Decreasing,210.31375042365136,10.234196738283282,1.0,1.0,0.7499999999999999,0.21292853355407715
32,400,0.75,Partitioned,LDF,Worst-Fit Decreasing,25.713409962154,10.234196738283282,1.0,1.0,0.7499999999999999,0.1990220546722412
32,400,0.75,Partitioned,LDF,Round-Robin,25.014631800803578,10.234196738283282,1.0,1.0,0.7499999999999999,0.1960124969482422
32,600,0.25,Global,FIFO,,181.91511121999355,3.9258130186867826,0.8716666666666667,1.0,0.25000000000000006,1.635777473449707
32,600,0.25,Partitioned,FIFO,First-Fit Decreasing,71.70780810918808,3.5464778124766343,1.0,1.0,0.24999999999999997,0.3424985408782959
32,600,0.25,Partitioned,FIFO,Best-Fit Decreasing,71.70780810918808,3.5464778124766343,1.0,1.0,0.24999999999999997,0.3536407947540283
32,600,0.25,Partitioned,FIFO,Worst-Fit Decreasing,8.941670568847744,3.5464778124766343,1.0,1.0,0.24999999999999997,0.3276369571685791
32,600,0.25,Partitioned,FIFO,Round-Robin,8.607736629427343,3.5464778124766343,1.0,1.0,0.24999999999999997,0.32446837425231934
32,600,0.25,Global,HEFT,,149.05174422280936,3.253913838201811,0.8683333333333333,1.0,0.2499999999999996,1.7791156768798828
32,600,0.25,Partitioned,HEFT,First-Fit Decreasing,78.93480471932736,3.3371833059877933,0.9966666666666667,1.0,0.25000000000000044,0.33977651596069336
32,600,0.25,Partitioned,HEFT,Best-Fit Decreasing,78.93480471932736,3.3371833059877933,0.9966666666666667,1.0,0.25000000000000044,0.35054540634155273
32,600,0.25,Partitioned,HEFT,Worst-Fit Decreasing,9.806106743705117,3.3371833059877933,1.0,1.0,0.25000000000000044,0.32433438301086426
32,600,0.25,Partitioned,HEFT,Round-Robin,9.346736444632823,3.3371833059877933,1.0,1.0,0.25000000000000044,0.40488314628601074
32,600,0.25,Global,LDF,,183.86941210984452,3.6945332824222024,1.0,1.0,0.25000000000000033,1.7941768169403076
32,600,0.25,Partitioned,LDF,First-Fit Decreasing,74.98660586301177,3.756111597423182,1.0,1.0,0.24999999999999972,0.35410356521606445
32,600,0.25,Partitioned,LDF,Best-Fit Decreasing,74.98660586301177,3.756111597423182,1.0,1.0,0.24999999999999972,0.36239099502563477
32,600,0.25,Partitioned,LDF,Worst-Fit Decreasing,9.228784791856011,3.756111597423182,1.0,1.0,0.24999999999999972,0.33751487731933594
32,600,0.25,Partitioned,LDF,Round-Robin,8.952990020400772,3.756111597423182,1.0,1.0,0.24999999999999972,0.3337681293487549
32,600,0.5,Global,FIFO,,363.1505453230011,8.008656581049586,0.6983333333333334,1.0,0.49999999999999956,1.6638646125793457
32,600,0.5,Partitioned,FIFO,First-Fit Decreasing,147.74708741307913,7.322211620049387,0.9083333333333333,1.0,0.5000000000000007,0.33847737312316895
32,600,0.5,Partitioned,FIFO,Best-Fit Decreasing,147.74708741307913,7.322211620049387,0.9083333333333333,1.0,0.5000000000000007,0.3501253128051758
32,600,0.5,Partitioned,FIFO,Worst-Fit Decreasing,18.022525804144948,7.322211620049387,1.0,1.0,0.5000000000000007,0.3209803104400635
32,600,0.5,Partitioned,FIFO,Round-Robin,17.45315592647057,7.322211620049387,1.0,1.0,0.5000000000000007,0.3192253112792969
32,600,0.5,Global,HEFT,,304.5623164219175,6.885429721166297,0.635,1.0,0.5000000000000003,1.8032031059265137
32,600,0.5,Partitioned,HEFT,First-Fit Decreasing,155.22917625639496,6.820757539348088,0.855,1.0,0.4999999999999996,0.34046077728271484
32,600,0.5,Partitioned,HEFT,Best-Fit Decreasing,155.22917625639496,6.820757539348088,0.855,1.0,0.4999999999999996,0.3501887321472168
32,600,0.5,Partitioned,HEFT,Worst-Fit Decreasing,18.891222159816117,6.820757539348088,1.0,1.0,0.4999999999999996,0.32373738288879395
32,600,0.5,Partitioned,HEFT,Round-Robin,18.099925970772595,6.820757539348088,1.0,1.0,0.4999999999999996,0.32039833068847656
32,600,0.5,Global,LDF,,368.0471359725062,7.819481624758999,1.0,1.0,0.4999999999999996,1.8148109912872314
32,600,0.5,Partitioned,LDF,First-Fit Decreasing,142.52864356755143,7.193239797274191,1.0,1.0,0.4999999999999997,0.344226598739624
32,600,0.5,Partitioned,LDF,Best-Fit Decreasing,142.52864356755143,7.193239797274191,1.0,1.0,0.4999999999999997,0.35553693771362305
32,600,0.5,Partitioned,LDF,Worst-Fit Decreasing,17.488712243483842,7.193239797274191,1.0,1.0,0.4999999999999997,0.3288767337799072
32,600,0.5,Partitioned,LDF,Round-Robin,16.96288828088211,7.193239797274191,1.0,1.0,0.4999999999999997,0.3229999542236328
32,600,0.75,Global,FIFO,,509.5080071459471,11.137431752265886,0.47,1.0,0.7500000000000009,1.6363582611083984
32,600,0.75,Partitioned,FIFO,First-Fit Decreasing,221.99831228182376,10.931861045101524,0.795,1.0,0.7499999999999992,0.3435635566711426
32,600,0.75,Partitioned,FIFO,Best-Fit Decreasing,221.99831228182376,10.931861045101524,0.795,1.0,0.7499999999999992,0.3538346290588379
32,600,0.75,Partitioned,FIFO,Worst-Fit Decreasing,27.208811779868334,10.931861045101524,1.0,1.0,0.7499999999999992,0.3273329734802246
32,600,0.75,Partitioned,FIFO,Round-Robin,26.375290377735073,10.931861045101524,1.0,1.0,0.7499999999999992,0.3247208595275879
32,600,0.75,Global,HEFT,,446.5032232308797,10.270019427114422,0.5083333333333333,1.0,0.7500000000000006,1.7955434322357178
32,600,0.75,Partitioned,HEFT,First-Fit Decreasing,232.022538209227,9.816595916458837,0.74,1.0,0.7499999999999986,0.3446683883666992
32,600,0.75,Partitioned,HEFT,Best-Fit Decreasing,232.022538209227,9.816595916458837,0.74,1.0,0.7499999999999986,0.35503292083740234
32,600,0.75,Partitioned,HEFT,Worst-Fit Decreasing,28.53130000526869,9.816595916458837,1.0,1.0,0.7499999999999986,0.32816243171691895
32,600,0.75,Partitioned,HEFT,Round-Robin,27.638018615856804,9.816595916458837,1.0,1.0,0.7499999999999986,0.328005313873291
32,600,0.75,Global,LDF,,533.0549065236625,10.495950855414048,0.7566666666666667,1.0,0.749999999999999,1.7773573398590088
32,600,0.75,Partitioned,LDF,First-Fit Decreasing,234.75633839046205,11.601629111400221,1.0,1.0,0.7499999999999999,0.34462857246398926
32,600,0.75,Partitioned,LDF,Best-Fit Decreasing,234.75633839046205,11.601629111400221,1.0,1.0,0.7499999999999999,0.35487866401672363
32,600,0.75,Partitioned,LDF,Worst-Fit Decreasing,28.70767422679705,11.601629111400221,1.0,1.0,0.7499999999999999,0.32698559761047363
32,600,0.75,Partitioned,LDF,Round-Robin,27.937072950896823,11.601629111400221,1.0,1.0,0.7499999999999999,0.32422924041748047
